"county","order","family","genus","scientificName","specimens","lastcollected"
"Windham","Alismatales","Potamogetonaceae","Potamogeton","Potamogeton epihydrus",29,2008
"Windham","Alismatales","Potamogetonaceae","Potamogeton","Potamogeton pusillus",21,2007
"Windham","Lamiales","Lentibulariaceae","Utricularia","Utricularia purpurea",21,2005
"Windham","Rosales","Rosaceae","Rubus","Rubus plicatifolius",20,1935
"Windham","Rosales","Rosaceae","Rubus","Rubus frondosus",17,1935
"Windham","Alismatales","Potamogetonaceae","Potamogeton","Potamogeton bicupulatus",16,2007
"Windham","Aquifoliales","Aquifoliaceae","Ilex","Ilex verticillata",16,2002
"Windham","Lamiales","Lentibulariaceae","Utricularia","Utricularia vulgaris",15,2005
"Windham","Asterales","Menyanthaceae","Nymphoides","Nymphoides cordata",14,2008
"Windham","Ericales","Ericaceae","Rhododendron","Rhododendron viscosum",14,2011
"Windham","Alismatales","Hydrocharitaceae","Najas","Najas flexilis",13,2005
"Windham","Ericales","Clethraceae","Clethra","Clethra alnifolia",13,1992
"Windham","Lamiales","Lentibulariaceae","Utricularia","Utricularia gibba",13,2005
"Windham","Malvales","Malvaceae","Tilia","Tilia americana",13,2002
"Windham","Poales","Cyperaceae","Dulichium","Dulichium arundinaceum",13,1997
"Windham","Poales","Typhaceae","Sparganium","Sparganium americanum",13,1999
"Windham","Polypodiales","Polypodiaceae","Polypodium","Polypodium virginianum",13,2014
"Windham","Saxifragales","Haloragaceae","Myriophyllum","Myriophyllum humile",13,2007
"Windham","Ceratophyllales","Ceratophyllaceae","Ceratophyllum","Ceratophyllum echinatum",12,2005
"Windham","Lamiales","Plantaginaceae","Gratiola","Gratiola aurea",12,2005
"Windham","Poales","Poaceae","Panicum","Panicum lanuginosum",12,1998
"Windham","Polypodiales","Pteridaceae","Adiantum","Adiantum pedatum",12,2014
"Windham","Sapindales","Aceraceae","Acer","Acer pensylvanicum",12,2014
"Windham","Schizaeales","Schizaeaceae","Lygodium","Lygodium palmatum",12,2013
"Windham","","Ruscaceae","Uvularia","Uvularia perfoliata",11,2014
"Windham","Asterales","Asteraceae","Senecio","Senecio aureus",11,1993
"Windham","Ericales","Ericaceae","Lyonia","Lyonia ligustrina",11,2002
"Windham","Malpighiales","Clusiaceae","Triadenum","Triadenum virginicum",11,1997
"Windham","Nymphaeales","Cabombaceae","Brasenia","Brasenia schreberi",11,2005
"Windham","Ophioglossales","Ophioglossaceae","Botrychium","Botrychium dissectum",11,1991
"Windham","Polypodiales","Dryopteridaceae","Cystopteris","Cystopteris tenuis",11,1998
"Windham","Alismatales","Alismataceae","Sagittaria","Sagittaria latifolia",10,1976
"Windham","Alismatales","Potamogetonaceae","Potamogeton","Potamogeton spirillus",10,2002
"Windham","Asparagales","Hypoxidaceae","Hypoxis","Hypoxis hirsuta",10,2011
"Windham","Brassicales","Brassicaceae","Cardamine","Cardamine pensylvanica",10,2014
"Windham","Ericales","Myrsinaceae","Lysimachia","Lysimachia terrestris",10,2004
"Windham","Fabales","Polygalaceae","Polygala","Polygala sanguinea",10,1997
"Windham","Gentianales","Rubiaceae","Cephalanthus","Cephalanthus occidentalis",10,2002
"Windham","Lycopodiales","Lycopodiaceae","Lycopodium","Lycopodium clavatum",10,1993
"Windham","Malpighiales","Violaceae","Viola","Viola blanda",10,2014
"Windham","Malpighiales","Violaceae","Viola","Viola pubescens",10,2014
"Windham","Poales","Cyperaceae","Carex","Carex vestita",10,1996
"Windham","Polypodiales","Dryopteridaceae","Dryopteris","Dryopteris marginalis",10,1991
"Windham","Rosales","Rosaceae","Rubus","Rubus enslenii",10,1997
"Windham","Solanales","Solanaceae","Solanum","Solanum dulcamara",10,1990
"Windham","","Ruscaceae","Uvularia","Uvularia sessilifolia",9,1992
"Windham","Asterales","Campanulaceae","Lobelia","Lobelia dortmanna",9,2005
"Windham","Commelinales","Pontederiaceae","Pontederia","Pontederia cordata",9,1990
"Windham","Ericales","Ericaceae","Vaccinium","Vaccinium macrocarpon",9,1994
"Windham","Fagales","Fagaceae","Quercus","Quercus ilicifolia",9,2010
"Windham","Gentianales","Apocynaceae","Asclepias","Asclepias incarnata",9,1990
"Windham","Lamiales","Lentibulariaceae","Utricularia","Utricularia radiata",9,2005
"Windham","Lycopodiales","Lycopodiaceae","Lycopodium","Lycopodium obscurum",9,1992
"Windham","Malpighiales","Podostemaceae","Podostemum","Podostemum ceratophyllum",9,2004
"Windham","Polypodiales","Dryopteridaceae","Dryopteris","Dryopteris carthusiana",9,1998
"Windham","Rosales","Rhamnaceae","Ceanothus","Ceanothus americanus",9,1991
"Windham","Saxifragales","Haloragaceae","Proserpinaca","Proserpinaca palustris",9,2001
"Windham","Asterales","Campanulaceae","Lobelia","Lobelia cardinalis",8,1991
"Windham","Caryophyllales","Caryophyllaceae","Moehringia","Moehringia lateriflora",8,1995
"Windham","Caryophyllales","Polygonaceae","Persicaria","Persicaria hydropiperoides",8,1994
"Windham","Dipsacales","Dipsacaceae","Knautia","Knautia arvensis",8,2013
"Windham","Ericales","Ericaceae","Vaccinium","Vaccinium corymbosum",8,1997
"Windham","Fabales","Fabaceae","Lupinus","Lupinus perennis",8,1990
"Windham","Fagales","Fagaceae","Castanea","Castanea dentata",8,1991
"Windham","Lamiales","Lamiaceae","Scutellaria","Scutellaria lateriflora",8,1991
"Windham","Lamiales","Lentibulariaceae","Utricularia","Utricularia minor",8,2004
"Windham","Malpighiales","Hypericaceae","Hypericum","Hypericum perforatum",8,1991
"Windham","Malpighiales","Violaceae","Viola","Viola fimbriatula",8,1994
"Windham","Myrtales","Onagraceae","Circaea","Circaea quadrisulcata",8,1987
"Windham","Osmundales","Osmundaceae","Osmunda","Osmunda regalis",8,1990
"Windham","Poales","Eriocaulaceae","Eriocaulon","Eriocaulon septangulare",8,1993
"Windham","Poales","Poaceae","Digitaria","Digitaria sanguinalis",8,1999
"Windham","Poales","Poaceae","Glyceria","Glyceria striata",8,2000
"Windham","Ranunculales","Ranunculaceae","Anemone","Anemone quinquefolia",8,2010
"Windham","Rosales","Rosaceae","Rubus","Rubus bigelovianus",8,1935
"Windham","Rosales","Rosaceae","Spiraea","Spiraea latifolia",8,1991
"Windham","Saxifragales","Haloragaceae","Myriophyllum","Myriophyllum tenellum",8,2005
"Windham","Apiales","Apiaceae","Zizia","Zizia aurea",7,2011
"Windham","Apiales","Araliaceae","Aralia","Aralia nudicaulis",7,1997
"Windham","Asterales","Campanulaceae","Campanula","Campanula aparinoides",7,1984
"Windham","Brassicales","Brassicaceae","Berteroa","Berteroa incana",7,1987
"Windham","Caryophyllales","Caryophyllaceae","Dianthus","Dianthus armeria",7,2011
"Windham","Celastrales","Celastraceae","Euonymus","Euonymus alatus",7,2009
"Windham","Cupressales","Cupressaceae","Chamaecyparis","Chamaecyparis thyoides",7,2009
"Windham","Dipsacales","Adoxaceae","Viburnum","Viburnum alnifolium",7,1994
"Windham","Ericales","Balsaminaceae","Impatiens","Impatiens capensis",7,1998
"Windham","Ericales","Ericaceae","Chamaedaphne","Chamaedaphne calyculata",7,1987
"Windham","Ericales","Ericaceae","Chimaphila","Chimaphila maculata",7,1990
"Windham","Ericales","Ericaceae","Gaylussacia","Gaylussacia frondosa",7,2010
"Windham","Fagales","Myricaceae","Comptonia","Comptonia peregrina",7,2003
"Windham","Geraniales","Geraniaceae","Geranium","Geranium maculatum",7,2013
"Windham","Lamiales","Lentibulariaceae","Utricularia","Utricularia geminiscapa",7,2004
"Windham","Lamiales","Orobanchaceae","Orobanche","Orobanche uniflora",7,1994
"Windham","Lamiales","Plantaginaceae","Nuttallanthus","Nuttallanthus canadensis",7,2001
"Windham","Lycopodiales","Lycopodiaceae","Diphasiastrum","Diphasiastrum digitatum",7,1990
"Windham","Myrtales","Lythraceae","Decodon","Decodon verticillatus",7,1991
"Windham","Myrtales","Onagraceae","Ludwigia","Ludwigia palustris",7,1999
"Windham","Nymphaeales","Cabombaceae","Cabomba","Cabomba caroliniana",7,2011
"Windham","Nymphaeales","Nymphaeaceae","Nuphar","Nuphar variegata",7,2005
"Windham","Poales","Cyperaceae","Carex","Carex lurida",7,1992
"Windham","Poales","Eriocaulaceae","Eriocaulon","Eriocaulon aquaticum",7,2005
"Windham","Poales","Poaceae","Agrostis","Agrostis alba",7,1957
"Windham","Poales","Poaceae","Elymus","Elymus riparius",7,1957
"Windham","Polypodiales","Aspleniaceae","Asplenium","Asplenium montanum",7,1992
"Windham","Polypodiales","Aspleniaceae","Asplenium","Asplenium platyneuron",7,1991
"Windham","Polypodiales","Aspleniaceae","Asplenium","Asplenium trichomanes",7,1997
"Windham","Polypodiales","Dryopteridaceae","Woodsia","Woodsia obtusa",7,1997
"Windham","Ranunculales","Ranunculaceae","Actaea","Actaea rubra",7,2009
"Windham","Ranunculales","Ranunculaceae","Clematis","Clematis virginiana",7,2002
"Windham","Ranunculales","Ranunculaceae","Ranunculus","Ranunculus recurvatus",7,2014
"Windham","Rosales","Rosaceae","Prunus","Prunus serotina",7,1997
"Windham","Santalales","Santalaceae","Comandra","Comandra umbellata",7,1994
"Windham","","Ruscaceae","Maianthemum","Maianthemum racemosa",6,1998
"Windham","Acorales","Acoraceae","Acorus","Acorus calamus",6,1984
"Windham","Alismatales","Hydrocharitaceae","Elodea","Elodea nuttallii",6,2005
"Windham","Alismatales","Potamogetonaceae","Potamogeton","Potamogeton gramineus",6,2005
"Windham","Alismatales","Potamogetonaceae","Potamogeton","Potamogeton natans",6,2001
"Windham","Alismatales","Potamogetonaceae","Potamogeton","Potamogeton pulcher",6,2001
"Windham","Asterales","Asteraceae","Aster","Aster linariifolius",6,2000
"Windham","Asterales","Asteraceae","Sericocarpus","Sericocarpus asteroides",6,1984
"Windham","Asterales","Campanulaceae","Lobelia","Lobelia spicata",6,1991
"Windham","Equisetales","Equisetaceae","Equisetum","Equisetum arvense",6,1992
"Windham","Fabales","Fabaceae","Apios","Apios americana",6,1985
"Windham","Fabales","Fabaceae","Trifolium","Trifolium arvense",6,1997
"Windham","Fabales","Polygalaceae","Polygala","Polygala paucifolia",6,2010
"Windham","Fagales","Myricaceae","Myrica","Myrica gale",6,1990
"Windham","Gentianales","Apocynaceae","Apocynum","Apocynum androsaemifolium",6,1999
"Windham","Gentianales","Rubiaceae","Galium","Galium trifidum",6,1984
"Windham","Lamiales","Phrymaceae","Mimulus","Mimulus ringens",6,1990
"Windham","Lamiales","Verbenaceae","Verbena","Verbena hastata",6,1991
"Windham","Laurales","Lauraceae","Lindera","Lindera benzoin",6,2014
"Windham","Malpighiales","Salicaceae","Salix","Salix discolor",6,1983
"Windham","Malpighiales","Violaceae","Viola","Viola conspersa",6,1992
"Windham","Osmundales","Osmundaceae","Osmunda","Osmunda claytoniana",6,1991
"Windham","Poales","Cyperaceae","Carex","Carex flava",6,1991
"Windham","Poales","Cyperaceae","Carex","Carex pallescens",6,1993
"Windham","Poales","Cyperaceae","Carex","Carex pensylvanica",6,1987
"Windham","Poales","Cyperaceae","Carex","Carex stricta",6,1992
"Windham","Poales","Poaceae","Echinochloa","Echinochloa crus-galli",6,2001
"Windham","Polypodiales","Dennstaedtiaceae","Dennstaedtia","Dennstaedtia punctilobula",6,1990
"Windham","Polypodiales","Dryopteridaceae","Athyrium","Athyrium filix-femina",6,1991
"Windham","Polypodiales","Dryopteridaceae","Onoclea","Onoclea sensibilis",6,1991
"Windham","Polypodiales","Thelypteridaceae","Phegopteris","Phegopteris connectilis",6,1999
"Windham","Polypodiales","Thelypteridaceae","Thelypteris","Thelypteris noveboracensis",6,2010
"Windham","Rosales","Rosaceae","Rosa","Rosa nitida",6,1979
"Windham","Sapindales","Aceraceae","Acer","Acer rubrum",6,2014
"Windham","","Ruscaceae","Maianthemum","Maianthemum canadense",5,1987
"Windham","Alismatales","Potamogetonaceae","Potamogeton","Potamogeton amplifolius",5,1999
"Windham","Alismatales","Potamogetonaceae","Potamogeton","Potamogeton robbinsii",5,2005
"Windham","Apiales","Apiaceae","Cicuta","Cicuta maculata",5,1976
"Windham","Apiales","Apiaceae","Sanicula","Sanicula marilandica",5,1994
"Windham","Asparagales","Orchidaceae","Goodyera","Goodyera pubescens",5,1982
"Windham","Asparagales","Orchidaceae","Spiranthes","Spiranthes cernua",5,1991
"Windham","Asterales","Asteraceae","Antennaria","Antennaria neglecta",5,2014
"Windham","Asterales","Asteraceae","Aster","Aster divaricatus",5,1997
"Windham","Asterales","Asteraceae","Eutrochium","Eutrochium dubium",5,2002
"Windham","Asterales","Asteraceae","Helianthus","Helianthus divaricatus",5,1987
"Windham","Asterales","Asteraceae","Solidago","Solidago rugosa",5,1991
"Windham","Boraginales","Boraginaceae","Myosotis","Myosotis scorpioides",5,1990
"Windham","Brassicales","Brassicaceae","Barbarea","Barbarea vulgaris",5,1997
"Windham","Caryophyllales","Polygonaceae","Polygonum","Polygonum cespitosum",5,1997
"Windham","Caryophyllales","Polygonaceae","Rumex","Rumex acetosella",5,1983
"Windham","Cupressales","Cupressaceae","Juniperus","Juniperus virginiana",5,1981
"Windham","Dipsacales","Adoxaceae","Viburnum","Viburnum acerifolium",5,1991
"Windham","Dipsacales","Adoxaceae","Viburnum","Viburnum lentago",5,1978
"Windham","Dipsacales","Caprifoliaceae","Lonicera","Lonicera morrowii",5,2002
"Windham","Ericales","Ericaceae","Gaultheria","Gaultheria procumbens",5,1991
"Windham","Ericales","Ericaceae","Kalmia","Kalmia angustifolia",5,1982
"Windham","Ericales","Ericaceae","Monotropa","Monotropa uniflora",5,1991
"Windham","Ericales","Polemoniaceae","Phlox","Phlox paniculata",5,1997
"Windham","Fagales","Betulaceae","Betula","Betula lenta",5,2011
"Windham","Fagales","Betulaceae","Betula","Betula populifolia",5,1991
"Windham","Fagales","Betulaceae","Carpinus","Carpinus caroliniana",5,2013
"Windham","Lamiales","Lamiaceae","Lycopus","Lycopus uniflorus",5,1987
"Windham","Lamiales","Lamiaceae","Prunella","Prunella vulgaris",5,1976
"Windham","Lamiales","Lentibulariaceae","Utricularia","Utricularia inflata",5,1997
"Windham","Lamiales","Plantaginaceae","Linaria","Linaria vulgaris",5,1997
"Windham","Lamiales","Scrophulariaceae","Veronica","Veronica scutellata",5,1974
"Windham","Liliales","Liliaceae","Erythronium","Erythronium americanum",5,2013
"Windham","Liliales","Liliaceae","Lilium","Lilium philadelphicum",5,1993
"Windham","Liliales","Liliaceae","Medeola","Medeola virginiana",5,1991
"Windham","Lycopodiales","Lycopodiaceae","Lycopodium","Lycopodium hickeyi",5,1994
"Windham","Malpighiales","Hypericaceae","Hypericum","Hypericum ellipticum",5,1974
"Windham","Malpighiales","Hypericaceae","Hypericum","Hypericum gentianoides",5,1999
"Windham","Malpighiales","Violaceae","Viola","Viola cucullata",5,2014
"Windham","Malpighiales","Violaceae","Viola","Viola pallens",5,1980
"Windham","Myrtales","Lythraceae","Lythrum","Lythrum salicaria",5,2001
"Windham","Osmundales","Osmundaceae","Osmunda","Osmunda cinnamomea",5,1991
"Windham","Pinales","Pinaceae","Tsuga","Tsuga canadensis",5,2009
"Windham","Poales","Cyperaceae","Carex","Carex folliculata",5,1996
"Windham","Poales","Cyperaceae","Carex","Carex intumescens",5,1990
"Windham","Poales","Cyperaceae","Carex","Carex laxiculmis",5,1996
"Windham","Poales","Cyperaceae","Carex","Carex rosea",5,1987
"Windham","Poales","Cyperaceae","Carex","Carex scoparia",5,1996
"Windham","Poales","Cyperaceae","Schoenoplectus","Schoenoplectus subterminalis",5,2008
"Windham","Poales","Cyperaceae","Scirpus","Scirpus cyperinus",5,1985
"Windham","Poales","Juncaceae","Juncus","Juncus militaris",5,1996
"Windham","Poales","Juncaceae","Juncus","Juncus pelocarpus",5,2005
"Windham","Poales","Poaceae","Agrostis","Agrostis perennans",5,1984
"Windham","Poales","Poaceae","Dichanthelium","Dichanthelium sphaerocarpon",5,1957
"Windham","Poales","Poaceae","Festuca","Festuca obtusa",5,1992
"Windham","Poales","Poaceae","Microstegium","Microstegium vimineum",5,2009
"Windham","Polypodiales","Dennstaedtiaceae","Pteridium","Pteridium aquilinum",5,1988
"Windham","Polypodiales","Dryopteridaceae","Dryopteris","Dryopteris cristata",5,1992
"Windham","Polypodiales","Dryopteridaceae","Polystichum","Polystichum acrostichoides",5,1991
"Windham","Ranunculales","Berberidaceae","Berberis","Berberis thunbergii",5,2002
"Windham","Ranunculales","Berberidaceae","Caulophyllum","Caulophyllum thalictroides",5,2010
"Windham","Ranunculales","Ranunculaceae","Actaea","Actaea pachypoda",5,2014
"Windham","Ranunculales","Ranunculaceae","Caltha","Caltha palustris",5,2010
"Windham","Ranunculales","Ranunculaceae","Ranunculus","Ranunculus abortivus",5,1980
"Windham","Rosales","Rosaceae","Amelanchier","Amelanchier canadensis",5,1983
"Windham","Rosales","Rosaceae","Rubus","Rubus groutianus",5,1934
"Windham","Saxifragales","Hamamelidaceae","Hamamelis","Hamamelis virginiana",5,2002
"Windham","Vitales","Vitaceae","Vitis","Vitis labrusca",5,1998
"Windham","","Alliaceae","Allium","Allium tricoccum",4,1944
"Windham","Alismatales","Araceae","Arisaema","Arisaema triphyllum",4,1993
"Windham","Alismatales","Hydrocharitaceae","Najas","Najas guadalupensis",4,2009
"Windham","Alismatales","Hydrocharitaceae","Vallisneria","Vallisneria americana",4,2005
"Windham","Alismatales","Potamogetonaceae","Potamogeton","Potamogeton oakesianus",4,2008
"Windham","Apiales","Araliaceae","Hydrocotyle","Hydrocotyle americana",4,2011
"Windham","Apiales","Araliaceae","Panax","Panax quinquefolius",4,1994
"Windham","Asparagales","Orchidaceae","Corallorhiza","Corallorhiza trifida",4,2010
"Windham","Asterales","Asteraceae","Antennaria","Antennaria plantaginifolia",4,1993
"Windham","Asterales","Asteraceae","Aster","Aster patens",4,1991
"Windham","Asterales","Asteraceae","Aster","Aster schreberi",4,1976
"Windham","Asterales","Asteraceae","Centaurea","Centaurea maculosa",4,2001
"Windham","Asterales","Asteraceae","Erigeron","Erigeron pulchellus",4,1997
"Windham","Asterales","Asteraceae","Helianthus","Helianthus decapetalus",4,1993
"Windham","Asterales","Asteraceae","Hieracium","Hieracium scabrum",4,2013
"Windham","Asterales","Asteraceae","Krigia","Krigia virginica",4,1996
"Windham","Asterales","Asteraceae","Solidago","Solidago nemoralis",4,1997
"Windham","Asterales","Campanulaceae","Lobelia","Lobelia inflata",4,1977
"Windham","Brassicales","Brassicaceae","Arabis","Arabis drummondii",4,1997
"Windham","Brassicales","Brassicaceae","Cardamine","Cardamine impatiens",4,2005
"Windham","Brassicales","Brassicaceae","Cardamine","Cardamine pratensis",4,1993
"Windham","Caryophyllales","Droseraceae","Drosera","Drosera rotundifolia",4,1976
"Windham","Caryophyllales","Polygonaceae","Polygonum","Polygonum erectum",4,1946
"Windham","Ceratophyllales","Ceratophyllaceae","Ceratophyllum","Ceratophyllum demersum",4,1998
"Windham","Commelinales","Commelinaceae","Commelina","Commelina communis",4,2007
"Windham","Cornales","Cornaceae","Cornus","Cornus canadensis",4,2010
"Windham","Cupressales","Cupressaceae","Juniperus","Juniperus communis",4,1987
"Windham","Dipsacales","Adoxaceae","Viburnum","Viburnum cassinoides",4,1989
"Windham","Dipsacales","Caprifoliaceae","Lonicera","Lonicera canadensis",4,2006
"Windham","Ericales","Ericaceae","Moneses","Moneses uniflora",4,1993
"Windham","Ericales","Ericaceae","Pyrola","Pyrola elliptica",4,1998
"Windham","Ericales","Ericaceae","Vaccinium","Vaccinium angustifolium",4,2010
"Windham","Ericales","Ericaceae","Vaccinium","Vaccinium pallidum",4,1996
"Windham","Ericales","Ericaceae","Vaccinium","Vaccinium vacillans",4,1975
"Windham","Ericales","Myrsinaceae","Lysimachia","Lysimachia ciliata",4,1993
"Windham","Fabales","Fabaceae","Desmodium","Desmodium canadense",4,1977
"Windham","Fagales","Betulaceae","Corylus","Corylus americana",4,1991
"Windham","Fagales","Betulaceae","Corylus","Corylus cornuta",4,1991
"Windham","Fagales","Fagaceae","Quercus","Quercus alba",4,1991
"Windham","Fagales","Juglandaceae","Carya","Carya ovata",4,2001
"Windham","Fagales","Juglandaceae","Carya","Carya tomentosa",4,1991
"Windham","Gentianales","Apocynaceae","Asclepias","Asclepias amplexicaulis",4,1984
"Windham","Gentianales","Apocynaceae","Vincetoxicum","Vincetoxicum nigrum",4,2000
"Windham","Gentianales","Rubiaceae","Galium","Galium aparine",4,1992
"Windham","Gentianales","Rubiaceae","Galium","Galium triflorum",4,1997
"Windham","Gentianales","Rubiaceae","Houstonia","Houstonia caerulea",4,2014
"Windham","Lamiales","Lamiaceae","Hedeoma","Hedeoma hispida",4,1934
"Windham","Lamiales","Lamiaceae","Lycopus","Lycopus virginicus",4,2001
"Windham","Lamiales","Orobanchaceae","Agalinis","Agalinis tenuifolia",4,2012
"Windham","Lamiales","Plantaginaceae","Callitriche","Callitriche heterophylla",4,1998
"Windham","Liliales","Liliaceae","Clintonia","Clintonia borealis",4,1994
"Windham","Liliales","Melanthiaceae","Trillium","Trillium cernuum",4,1964
"Windham","Lycopodiales","Lycopodiaceae","Diphasiastrum","Diphasiastrum tristachyum",4,1995
"Windham","Lycopodiales","Lycopodiaceae","Huperzia","Huperzia lucidula",4,2009
"Windham","Malpighiales","Elatinaceae","Elatine","Elatine minima",4,2005
"Windham","Malpighiales","Violaceae","Viola","Viola macloskeyi",4,2010
"Windham","Malpighiales","Violaceae","Viola","Viola papilionacea",4,1980
"Windham","Myrtales","Onagraceae","Oenothera","Oenothera biennis",4,1990
"Windham","Myrtales","Onagraceae","Oenothera","Oenothera perennis",4,1993
"Windham","Nymphaeales","Nymphaeaceae","Nymphaea","Nymphaea odorata",4,2005
"Windham","Poales","Cyperaceae","Carex","Carex comosa",4,1992
"Windham","Poales","Cyperaceae","Carex","Carex crinita",4,1991
"Windham","Poales","Cyperaceae","Carex","Carex gracillima",4,1997
"Windham","Poales","Cyperaceae","Carex","Carex rostrata",4,1990
"Windham","Poales","Cyperaceae","Carex","Carex straminea",4,1976
"Windham","Poales","Cyperaceae","Cyperus","Cyperus dentatus",4,1994
"Windham","Poales","Cyperaceae","Schoenoplectus","Schoenoplectus validus",4,1991
"Windham","Poales","Poaceae","Agrostis","Agrostis hyemalis",4,1999
"Windham","Poales","Poaceae","Andropogon","Andropogon gerardii",4,2002
"Windham","Poales","Poaceae","Brachyelytrum","Brachyelytrum erectum",4,1997
"Windham","Poales","Poaceae","Cinna","Cinna arundinacea",4,1992
"Windham","Poales","Poaceae","Dichanthelium","Dichanthelium boscii",4,1957
"Windham","Poales","Poaceae","Dichanthelium","Dichanthelium depauperatum",4,1994
"Windham","Poales","Poaceae","Echinochloa","Echinochloa pungens",4,1974
"Windham","Poales","Poaceae","Festuca","Festuca ovina",4,1957
"Windham","Poales","Poaceae","Festuca","Festuca rubra",4,1984
"Windham","Poales","Poaceae","Oryzopsis","Oryzopsis racemosa",4,1996
"Windham","Poales","Poaceae","Panicum","Panicum dichotomiflorum",4,2002
"Windham","Poales","Poaceae","Phleum","Phleum pratense",4,1978
"Windham","Poales","Poaceae","Poa","Poa angustifolia",4,1957
"Windham","Polypodiales","Blechnaceae","Woodwardia","Woodwardia virginica",4,1991
"Windham","Polypodiales","Thelypteridaceae","Thelypteris","Thelypteris palustris",4,1991
"Windham","Ranunculales","Papaveraceae","Adlumia","Adlumia fungosa",4,1998
"Windham","Ranunculales","Papaveraceae","Chelidonium","Chelidonium majus",4,1993
"Windham","Ranunculales","Papaveraceae","Sanguinaria","Sanguinaria canadensis",4,2013
"Windham","Ranunculales","Ranunculaceae","Aquilegia","Aquilegia canadensis",4,1977
"Windham","Rosales","Elaeagnaceae","Elaeagnus","Elaeagnus umbellata",4,2002
"Windham","Rosales","Rhamnaceae","Frangula","Frangula alnus",4,1999
"Windham","Rosales","Rosaceae","Aronia","Aronia arbutifolia",4,1997
"Windham","Rosales","Rosaceae","Fragaria","Fragaria vesca",4,1984
"Windham","Rosales","Rosaceae","Potentilla","Potentilla recta",4,1964
"Windham","Rosales","Rosaceae","Potentilla","Potentilla simplex",4,2013
"Windham","Rosales","Rosaceae","Prunus","Prunus virginiana",4,1977
"Windham","Rosales","Rosaceae","Rubus","Rubus multispinus",4,1934
"Windham","Rosales","Rosaceae","Spiraea","Spiraea tomentosa",4,1990
"Windham","Rosales","Urticaceae","Boehmeria","Boehmeria cylindrica",4,1976
"Windham","","Ruscaceae","Polygonatum","Polygonatum pubescens",3,2014
"Windham","Alismatales","Araceae","Peltandra","Peltandra virginica",3,1999
"Windham","Alismatales","Hydrocharitaceae","Elodea","Elodea canadensis",3,1999
"Windham","Alismatales","Lemnaceae","Lemna","Lemna minor",3,2009
"Windham","Alismatales","Lemnaceae","Spirodela","Spirodela polyrhiza",3,1985
"Windham","Alismatales","Potamogetonaceae","Potamogeton","Potamogeton diversifolius",3,1979
"Windham","Apiales","Apiaceae","Anthriscus","Anthriscus sylvestris",3,2003
"Windham","Apiales","Apiaceae","Heracleum","Heracleum maximum",3,2003
"Windham","Apiales","Apiaceae","Sium","Sium suave",3,2004
"Windham","Apiales","Araliaceae","Aralia","Aralia hispida",3,1983
"Windham","Apiales","Araliaceae","Hydrocotyle","Hydrocotyle umbellata",3,1997
"Windham","Asparagales","Iridaceae","Sisyrinchium","Sisyrinchium atlanticum",3,2011
"Windham","Asparagales","Orchidaceae","Cypripedium","Cypripedium acaule",3,1957
"Windham","Asparagales","Orchidaceae","Epipactis","Epipactis helleborine",3,1991
"Windham","Asterales","Asteraceae","Anaphalis","Anaphalis margaritacea",3,1997
"Windham","Asterales","Asteraceae","Aster","Aster cordifolius",3,2002
"Windham","Asterales","Asteraceae","Aster","Aster nemoralis",3,1989
"Windham","Asterales","Asteraceae","Aster","Aster novi-belgii",3,2002
"Windham","Asterales","Asteraceae","Aster","Aster umbellatus",3,2002
"Windham","Asterales","Asteraceae","Cirsium","Cirsium vulgare",3,2007
"Windham","Asterales","Asteraceae","Erigeron","Erigeron annuus",3,2006
"Windham","Asterales","Asteraceae","Eupatorium","Eupatorium perfoliatum",3,1990
"Windham","Asterales","Asteraceae","Euthamia","Euthamia graminifolia",3,1997
"Windham","Asterales","Asteraceae","Eutrochium","Eutrochium fistulosum",3,1995
"Windham","Asterales","Asteraceae","Helianthus","Helianthus tuberosus",3,1941
"Windham","Asterales","Asteraceae","Lactuca","Lactuca canadensis",3,1991
"Windham","Asterales","Asteraceae","Prenanthes","Prenanthes trifoliolata",3,1991
"Windham","Asterales","Asteraceae","Solidago","Solidago bicolor",3,1945
"Windham","Asterales","Asteraceae","Solidago","Solidago gigantea",3,1985
"Windham","Asterales","Asteraceae","Solidago","Solidago juncea",3,1983
"Windham","Asterales","Asteraceae","Solidago","Solidago puberula",3,1991
"Windham","Asterales","Asteraceae","Symphyotrichum","Symphyotrichum patens",3,1995
"Windham","Asterales","Campanulaceae","Jasione","Jasione montana",3,2001
"Windham","Brassicales","Brassicaceae","Arabidopsis","Arabidopsis thaliana",3,2000
"Windham","Brassicales","Brassicaceae","Cardamine","Cardamine diphylla",3,1992
"Windham","Brassicales","Brassicaceae","Lepidium","Lepidium campestre",3,1997
"Windham","Caryophyllales","Caryophyllaceae","Saponaria","Saponaria officinalis",3,1993
"Windham","Caryophyllales","Caryophyllaceae","Silene","Silene caroliniana",3,1995
"Windham","Caryophyllales","Phytolaccaceae","Phytolacca","Phytolacca americana",3,1991
"Windham","Caryophyllales","Polygonaceae","Fallopia","Fallopia scandens",3,1947
"Windham","Caryophyllales","Polygonaceae","Polygonum","Polygonum hydropiperoides",3,2004
"Windham","Celastrales","Celastraceae","Celastrus","Celastrus orbiculatus",3,2001
"Windham","Cornales","Cornaceae","Cornus","Cornus florida",3,1993
"Windham","Cornales","Cornaceae","Nyssa","Nyssa sylvatica",3,2012
"Windham","Dipsacales","Adoxaceae","Viburnum","Viburnum recognitum",3,1991
"Windham","Ericales","Ericaceae","Arctostaphylos","Arctostaphylos uva-ursi",3,1984
"Windham","Ericales","Ericaceae","Gaylussacia","Gaylussacia baccata",3,1996
"Windham","Ericales","Myrsinaceae","Lysimachia","Lysimachia quadrifolia",3,1991
"Windham","Ericales","Primulaceae","Lysimachia","Lysimachia terrestris",3,2004
"Windham","Fabales","Fabaceae","Apios","Apios tuberosa",3,1948
"Windham","Fabales","Fabaceae","Baptisia","Baptisia tinctoria",3,1975
"Windham","Fabales","Fabaceae","Desmodium","Desmodium marilandicum",3,1991
"Windham","Fabales","Fabaceae","Lespedeza","Lespedeza capitata",3,1997
"Windham","Fabales","Fabaceae","Lespedeza","Lespedeza intermedia",3,1991
"Windham","Fabales","Fabaceae","Trifolium","Trifolium agrarium",3,1976
"Windham","Fabales","Polygalaceae","Polygala","Polygala polygama",3,1991
"Windham","Fagales","Betulaceae","Alnus","Alnus rugosa",3,1991
"Windham","Fagales","Fagaceae","Quercus","Quercus palustris",3,2011
"Windham","Fagales","Fagaceae","Quercus","Quercus prinoides",3,2010
"Windham","Gentianales","Apocynaceae","Apocynum","Apocynum medium",3,1960
"Windham","Gentianales","Apocynaceae","Asclepias","Asclepias tuberosa",3,1990
"Windham","Gentianales","Rubiaceae","Galium","Galium tinctorium",3,2001
"Windham","Lamiales","Lamiaceae","Glechoma","Glechoma hederacea",3,1981
"Windham","Lamiales","Lamiaceae","Hedeoma","Hedeoma pulegioides",3,1951
"Windham","Lamiales","Lamiaceae","Lycopus","Lycopus americanus",3,1974
"Windham","Lamiales","Lamiaceae","Mentha","Mentha arvensis",3,1990
"Windham","Lamiales","Lamiaceae","Monarda","Monarda fistulosa",3,1992
"Windham","Lamiales","Lamiaceae","Scutellaria","Scutellaria epilobiifolia",3,1976
"Windham","Lamiales","Lamiaceae","Stachys","Stachys hyssopifolia",3,2006
"Windham","Lamiales","Lentibulariaceae","Utricularia","Utricularia intermedia",3,2006
"Windham","Lamiales","Oleaceae","Fraxinus","Fraxinus americana",3,1991
"Windham","Lamiales","Orobanchaceae","Melampyrum","Melampyrum lineare",3,1983
"Windham","Lamiales","Orobanchaceae","Pedicularis","Pedicularis lanceolata",3,2000
"Windham","Lamiales","Plantaginaceae","Plantago","Plantago aristata",3,1991
"Windham","Laurales","Lauraceae","Sassafras","Sassafras albidum",3,1991
"Windham","Liliales","Melanthiaceae","Aletris","Aletris farinosa",3,1996
"Windham","Liliales","Melanthiaceae","Trillium","Trillium erectum",3,2014
"Windham","Lycopodiales","Lycopodiaceae","Lycopodiella","Lycopodiella inundata",3,1992
"Windham","Malpighiales","Euphorbiaceae","Acalypha","Acalypha virginica",3,2000
"Windham","Malpighiales","Hypericaceae","Hypericum","Hypericum boreale",3,1985
"Windham","Malpighiales","Hypericaceae","Triadenum","Triadenum virginicum",3,1997
"Windham","Malpighiales","Salicaceae","Salix","Salix humilis",3,1991
"Windham","Malpighiales","Salicaceae","Salix","Salix sericea",3,1983
"Windham","Malpighiales","Violaceae","Viola","Viola lanceolata",3,2014
"Windham","Malpighiales","Violaceae","Viola","Viola pedata",3,1993
"Windham","Malpighiales","Violaceae","Viola","Viola sororia",3,1968
"Windham","Oxalidales","Oxalidaceae","Oxalis","Oxalis stricta",3,1946
"Windham","Poales","Cyperaceae","Bulbostylis","Bulbostylis capillaris",3,2010
"Windham","Poales","Cyperaceae","Carex","Carex canescens",3,1987
"Windham","Poales","Cyperaceae","Carex","Carex laxiflora",3,1991
"Windham","Poales","Cyperaceae","Carex","Carex radiata",3,2011
"Windham","Poales","Cyperaceae","Carex","Carex stipata",3,1992
"Windham","Poales","Cyperaceae","Eleocharis","Eleocharis acicularis",3,2005
"Windham","Poales","Cyperaceae","Eleocharis","Eleocharis obtusa",3,2000
"Windham","Poales","Cyperaceae","Eleocharis","Eleocharis palustris",3,2014
"Windham","Poales","Cyperaceae","Eleocharis","Eleocharis tuberculosa",3,1908
"Windham","Poales","Cyperaceae","Rhynchospora","Rhynchospora alba",3,1991
"Windham","Poales","Cyperaceae","Scirpus","Scirpus polyphyllus",3,1974
"Windham","Poales","Cyperaceae","Scirpus","Scirpus validus",3,1993
"Windham","Poales","Juncaceae","Juncus","Juncus canadensis",3,1979
"Windham","Poales","Juncaceae","Juncus","Juncus effusus",3,1974
"Windham","Poales","Juncaceae","Juncus","Juncus greenei",3,1995
"Windham","Poales","Poaceae","Agropyron","Agropyron repens",3,1957
"Windham","Poales","Poaceae","Andropogon","Andropogon scoparius",3,1991
"Windham","Poales","Poaceae","Aristida","Aristida dichotoma",3,2000
"Windham","Poales","Poaceae","Calamagrostis","Calamagrostis canadensis",3,1957
"Windham","Poales","Poaceae","Dichanthelium","Dichanthelium lanuginosum",3,1992
"Windham","Poales","Poaceae","Dichanthelium","Dichanthelium oligosanthes",3,1990
"Windham","Poales","Poaceae","Digitaria","Digitaria filiformis",3,1997
"Windham","Poales","Poaceae","Glyceria","Glyceria obtusa",3,1982
"Windham","Poales","Poaceae","Leersia","Leersia virginica",3,2001
"Windham","Poales","Poaceae","Oryzopsis","Oryzopsis pungens",3,1928
"Windham","Poales","Poaceae","Panicum","Panicum columbianum",3,1957
"Windham","Poales","Poaceae","Panicum","Panicum virgatum",3,1957
"Windham","Poales","Poaceae","Setaria","Setaria viridis",3,1991
"Windham","Poales","Typhaceae","Sparganium","Sparganium chlorocarpum",3,1988
"Windham","Polypodiales","Dryopteridaceae","Deparia","Deparia acrostichoides",3,1997
"Windham","Polypodiales","Thelypteridaceae","Phegopteris","Phegopteris hexagonoptera",3,1997
"Windham","Ranunculales","Berberidaceae","Berberis","Berberis ottawensis",3,2006
"Windham","Ranunculales","Berberidaceae","Berberis","Berberis vulgaris",3,1991
"Windham","Ranunculales","Ranunculaceae","Coptis","Coptis trifolia",3,1993
"Windham","Ranunculales","Ranunculaceae","Ranunculus","Ranunculus bulbosus",3,2011
"Windham","Ranunculales","Ranunculaceae","Thalictrum","Thalictrum dioicum",3,1997
"Windham","Rosales","Rosaceae","Amelanchier","Amelanchier laevis",3,1980
"Windham","Rosales","Rosaceae","Dasiphora","Dasiphora fruticosa",3,1946
"Windham","Rosales","Rosaceae","Fragaria","Fragaria virginiana",3,2010
"Windham","Rosales","Rosaceae","Geum","Geum rivale",3,1953
"Windham","Rosales","Rosaceae","Potentilla","Potentilla canadensis",3,2014
"Windham","Rosales","Rosaceae","Prunus","Prunus pensylvanica",3,1983
"Windham","Rosales","Rosaceae","Rosa","Rosa multiflora",3,2002
"Windham","Rosales","Rosaceae","Rubus","Rubus flagellaris",3,1993
"Windham","Rosales","Rosaceae","Rubus","Rubus odoratus",3,1981
"Windham","Rosales","Rosaceae","Rubus","Rubus semisetosus",3,1935
"Windham","Rosales","Ulmaceae","Ulmus","Ulmus americana",3,1997
"Windham","Rosales","Urticaceae","Parietaria","Parietaria pensylvanica",3,1994
"Windham","Rosales","Urticaceae","Pilea","Pilea pumila",3,1987
"Windham","Sapindales","Aceraceae","Acer","Acer platanoides",3,1998
"Windham","Saxifragales","Penthoraceae","Penthorum","Penthorum sedoides",3,1974
"Windham","Saxifragales","Saxifragaceae","Chrysosplenium","Chrysosplenium americanum",3,2010
"Windham","Saxifragales","Saxifragaceae","Saxifraga","Saxifraga virginiensis",3,2010
"Windham","Solanales","Solanaceae","Solanum","Solanum carolinense",3,1992
"Windham","","Alliaceae","Allium","Allium canadense",2,1951
"Windham","","Bartramiaceae","Bartramia","Bartramia pomiformis",2,2002
"Windham","","Parnassiaceae","Parnassia","Parnassia glauca",2,1946
"Windham","Alismatales","Alismataceae","Sagittaria","Sagittaria graminea",2,1974
"Windham","Alismatales","Araceae","Arisaema","Arisaema atrorubens",2,1973
"Windham","Alismatales","Araceae","Arisaema","Arisaema stewardsonii",2,1991
"Windham","Alismatales","Araceae","Calla","Calla palustris",2,1990
"Windham","Alismatales","Araceae","Symplocarpus","Symplocarpus foetidus",2,1992
"Windham","Alismatales","Hydrocharitaceae","Najas","Najas gracillima",2,2007
"Windham","Apiales","Apiaceae","Angelica","Angelica atropurpurea",2,2003
"Windham","Apiales","Apiaceae","Carum","Carum carvi",2,1948
"Windham","Apiales","Apiaceae","Cicuta","Cicuta bulbifera",2,2011
"Windham","Apiales","Apiaceae","Daucus","Daucus carota",2,1990
"Windham","Apiales","Apiaceae","Heracleum","Heracleum lanatum",2,1937
"Windham","Apiales","Apiaceae","Heracleum","Heracleum mantegazzianum",2,2002
"Windham","Apiales","Araliaceae","Panax","Panax trifolius",2,1996
"Windham","Asparagales","Iridaceae","Iris","Iris versicolor",2,1957
"Windham","Asparagales","Iridaceae","Sisyrinchium","Sisyrinchium montanum",2,1995
"Windham","Asparagales","Orchidaceae","Goodyera","Goodyera tesselata",2,1988
"Windham","Asparagales","Orchidaceae","Habenaria","Habenaria lacera",2,1948
"Windham","Asparagales","Orchidaceae","Isotria","Isotria verticillata",2,1981
"Windham","Asparagales","Orchidaceae","Malaxis","Malaxis unifolia",2,1996
"Windham","Asterales","Asteraceae","Achillea","Achillea millefolium",2,1964
"Windham","Asterales","Asteraceae","Ambrosia","Ambrosia artemisiifolia",2,1993
"Windham","Asterales","Asteraceae","Artemisia","Artemisia vulgaris",2,1953
"Windham","Asterales","Asteraceae","Aster","Aster ericoides",2,2000
"Windham","Asterales","Asteraceae","Aster","Aster lateriflorus",2,2000
"Windham","Asterales","Asteraceae","Aster","Aster leavis",2,1979
"Windham","Asterales","Asteraceae","Aster","Aster undulatus",2,2000
"Windham","Asterales","Asteraceae","Cirsium","Cirsium pumilum",2,1991
"Windham","Asterales","Asteraceae","Conyza","Conyza canadensis",2,1994
"Windham","Asterales","Asteraceae","Eutrochium","Eutrochium maculatum",2,1990
"Windham","Asterales","Asteraceae","Helenium","Helenium flexuosum",2,1993
"Windham","Asterales","Asteraceae","Helianthus","Helianthus strumosus",2,2000
"Windham","Asterales","Asteraceae","Hieracium","Hieracium aurantiacum",2,1986
"Windham","Asterales","Asteraceae","Hieracium","Hieracium caespitosum",2,2011
"Windham","Asterales","Asteraceae","Hieracium","Hieracium pilosella",2,1949
"Windham","Asterales","Asteraceae","Hieracium","Hieracium praealtum",2,1985
"Windham","Asterales","Asteraceae","Krigia","Krigia biflora",2,1981
"Windham","Asterales","Asteraceae","Leontodon","Leontodon autumnalis",2,1993
"Windham","Asterales","Asteraceae","Packera","Packera aurea",2,2011
"Windham","Asterales","Asteraceae","Solidago","Solidago odora",2,1983
"Windham","Asterales","Asteraceae","Solidago","Solidago uliginosa",2,1981
"Windham","Asterales","Asteraceae","Solidago","Solidago ulmifolia",2,1990
"Windham","Asterales","Asteraceae","Solidago","Solidago uniligulata",2,1908
"Windham","Asterales","Asteraceae","Tussilago","Tussilago farfara",2,1954
"Windham","Asterales","Campanulaceae","Campanula","Campanula rapunculoides",2,2001
"Windham","Boraginales","Boraginaceae","Echium","Echium vulgare",2,1999
"Windham","Brassicales","Brassicaceae","Alliaria","Alliaria petiolata",2,1999
"Windham","Brassicales","Brassicaceae","Arabis","Arabis glabra",2,1996
"Windham","Brassicales","Brassicaceae","Cardamine","Cardamine bulbosa",2,1957
"Windham","Brassicales","Brassicaceae","Cardamine","Cardamine parviflora",2,1991
"Windham","Brassicales","Brassicaceae","Rorippa","Rorippa palustris",2,2010
"Windham","Caryophyllales","Amaranthaceae","Froelichia","Froelichia gracilis",2,2002
"Windham","Caryophyllales","Caryophyllaceae","Sagina","Sagina procumbens",2,1951
"Windham","Caryophyllales","Caryophyllaceae","Silene","Silene alba",2,1973
"Windham","Caryophyllales","Caryophyllaceae","Stellaria","Stellaria graminea",2,1992
"Windham","Caryophyllales","Nyctaginaceae","Mirabilis","Mirabilis nyctaginea",2,1996
"Windham","Caryophyllales","Polygonaceae","Fallopia","Fallopia japonica",2,2009
"Windham","Caryophyllales","Polygonaceae","Persicaria","Persicaria persicaria",2,1997
"Windham","Cornales","Cornaceae","Cornus","Cornus amomum",2,1987
"Windham","Cornales","Cornaceae","Cornus","Cornus racemosa",2,2002
"Windham","Dipsacales","Adoxaceae","Viburnum","Viburnum dentatum",2,2002
"Windham","Dipsacales","Caprifoliaceae","Diervilla","Diervilla lonicera",2,1981
"Windham","Dipsacales","Caprifoliaceae","Lonicera","Lonicera dioica",2,1996
"Windham","Equisetales","Equisetaceae","Equisetum","Equisetum hyemale",2,1991
"Windham","Ericales","Balsaminaceae","Impatiens","Impatiens biflora",2,1989
"Windham","Ericales","Ericaceae","Chimaphila","Chimaphila umbellata",2,1982
"Windham","Ericales","Ericaceae","Gaylussacia","Gaylussacia dumosa",2,1908
"Windham","Ericales","Ericaceae","Monotropa","Monotropa hypopithys",2,1991
"Windham","Ericales","Ericaceae","Pyrola","Pyrola rotundifolia",2,1969
"Windham","Ericales","Ericaceae","Rhododendron","Rhododendron canadense",2,1975
"Windham","Ericales","Ericaceae","Vaccinium","Vaccinium atrococcum",2,1952
"Windham","Fabales","Fabaceae","Amphicarpaea","Amphicarpaea bracteata",2,1973
"Windham","Fabales","Fabaceae","Chamaecrista","Chamaecrista nictitans",2,1983
"Windham","Fabales","Fabaceae","Desmodium","Desmodium glabellum",2,1934
"Windham","Fabales","Fabaceae","Desmodium","Desmodium nudiflorum",2,1982
"Windham","Fabales","Fabaceae","Lathyrus","Lathyrus latifolius",2,2002
"Windham","Fabales","Fabaceae","Robinia","Robinia viscosa",2,1983
"Windham","Fabales","Fabaceae","Trifolium","Trifolium pratense",2,1997
"Windham","Fabales","Polygalaceae","Polygala","Polygala verticillata",2,2000
"Windham","Fagales","Betulaceae","Alnus","Alnus serrulata",2,1983
"Windham","Fagales","Betulaceae","Betula","Betula alleghaniensis",2,2012
"Windham","Fagales","Betulaceae","Ostrya","Ostrya virginiana",2,1992
"Windham","Fagales","Fagaceae","Quercus","Quercus coccinea",2,1948
"Windham","Fagales","Fagaceae","Quercus","Quercus rubra",2,1992
"Windham","Fagales","Fagaceae","Quercus","Quercus velutina",2,1991
"Windham","Fagales","Juglandaceae","Carya","Carya cordiformis",2,2011
"Windham","Fagales","Juglandaceae","Carya","Carya glabra",2,1991
"Windham","Fagales","Myricaceae","Morella","Morella pensylvanica",2,1951
"Windham","Gentianales","Apocynaceae","Asclepias","Asclepias exaltata",2,1993
"Windham","Gentianales","Apocynaceae","Asclepias","Asclepias syriaca",2,1955
"Windham","Gentianales","Apocynaceae","Cynanchum","Cynanchum nigrum",2,1997
"Windham","Gentianales","Apocynaceae","Vincetoxicum","Vincetoxicum rossicum",2,2003
"Windham","Gentianales","Rubiaceae","Galium","Galium circaezans",2,1990
"Windham","Isoetales","Isoetaceae","Isoetes","Isoetes engelmannii",2,1998
"Windham","Isoetales","Isoetaceae","Isoetes","Isoetes tuckermanii",2,2005
"Windham","Lamiales","Lamiaceae","Lamium","Lamium purpureum",2,1977
"Windham","Lamiales","Lamiaceae","Physostegia","Physostegia virginiana",2,1984
"Windham","Lamiales","Lamiaceae","Trichostema","Trichostema dichotomum",2,1951
"Windham","Lamiales","Linderniaceae","Lindernia","Lindernia dubia",2,1998
"Windham","Lamiales","Orobanchaceae","Agalinis","Agalinis paupercula",2,1991
"Windham","Lamiales","Orobanchaceae","Agalinis","Agalinis purpurea",2,1991
"Windham","Lamiales","Orobanchaceae","Pedicularis","Pedicularis canadensis",2,1979
"Windham","Lamiales","Plantaginaceae","Chelone","Chelone glabra",2,1991
"Windham","Lamiales","Plantaginaceae","Plantago","Plantago lanceolata",2,1993
"Windham","Lamiales","Plantaginaceae","Plantago","Plantago major",2,1999
"Windham","Lamiales","Scrophulariaceae","Veronica","Veronica officinalis",2,2011
"Windham","Lamiales","Scrophulariaceae","Veronica","Veronica serpyllifolia",2,1964
"Windham","Lamiales","Scrophulariaceae","Veronicastrum","Veronicastrum virginicum",2,1990
"Windham","Liliales","Liliaceae","Lilium","Lilium canadense",2,1997
"Windham","Liliales","Melanthiaceae","Veratrum","Veratrum viride",2,2010
"Windham","Lycopodiales","Lycopodiaceae","Lycopodiella","Lycopodiella appressa",2,1991
"Windham","Lycopodiales","Lycopodiaceae","Lycopodium","Lycopodium tristachyum",2,1983
"Windham","Malpighiales","Elatinaceae","Elatine","Elatine americana",2,1947
"Windham","Malpighiales","Euphorbiaceae","Euphorbia","Euphorbia lathyris",2,2010
"Windham","Malpighiales","Hypericaceae","Hypericum","Hypericum dissimulatum",2,1990
"Windham","Malpighiales","Hypericaceae","Hypericum","Hypericum mutilum",2,1953
"Windham","Malpighiales","Hypericaceae","Hypericum","Hypericum punctatum",2,1945
"Windham","Malpighiales","Salicaceae","Populus","Populus grandidentata",2,1993
"Windham","Malpighiales","Salicaceae","Salix","Salix alba",2,1957
"Windham","Malpighiales","Violaceae","Viola","Viola sagittata",2,2014
"Windham","Malvales","Malvaceae","Abutilon","Abutilon theophrasti",2,1993
"Windham","Malvales","Malvaceae","Malva","Malva neglecta",2,1946
"Windham","Myrtales","Lythraceae","Trapa","Trapa natans",2,2001
"Windham","Myrtales","Onagraceae","Chamerion","Chamerion angustifolium",2,1986
"Windham","Myrtales","Onagraceae","Circaea","Circaea alpina",2,1992
"Windham","Myrtales","Onagraceae","Circaea","Circaea lutetiana",2,1998
"Windham","Myrtales","Onagraceae","Oenothera","Oenothera pumila",2,1948
"Windham","Nymphaeales","Nymphaeaceae","Nuphar","Nuphar advena",2,1976
"Windham","Ophioglossales","Ophioglossaceae","Botrychium","Botrychium oneidense",2,1991
"Windham","Ophioglossales","Ophioglossaceae","Botrychium","Botrychium virginianum",2,1991
"Windham","Oxalidales","Oxalidaceae","Oxalis","Oxalis europaea",2,1990
"Windham","Pinales","Pinaceae","Picea","Picea mariana",2,1985
"Windham","Pinales","Pinaceae","Pinus","Pinus rigida",2,1983
"Windham","Poales","Cyperaceae","Carex","Carex annectens",2,1916
"Windham","Poales","Cyperaceae","Carex","Carex debilis",2,1989
"Windham","Poales","Cyperaceae","Carex","Carex deweyana",2,1984
"Windham","Poales","Cyperaceae","Carex","Carex digitalis",2,1990
"Windham","Poales","Cyperaceae","Carex","Carex gynandra",2,1992
"Windham","Poales","Cyperaceae","Carex","Carex mirabilis",2,1939
"Windham","Poales","Cyperaceae","Carex","Carex polymorpha",2,1996
"Windham","Poales","Cyperaceae","Carex","Carex sparganioides",2,1990
"Windham","Poales","Cyperaceae","Carex","Carex striatula",2,1996
"Windham","Poales","Cyperaceae","Carex","Carex trisperma",2,1996
"Windham","Poales","Cyperaceae","Carex","Carex umbellata",2,1935
"Windham","Poales","Cyperaceae","Carex","Carex virescens",2,1932
"Windham","Poales","Cyperaceae","Cladium","Cladium mariscoides",2,1993
"Windham","Poales","Cyperaceae","Cyperus","Cyperus esculentus",2,1974
"Windham","Poales","Cyperaceae","Cyperus","Cyperus filicinus",2,1983
"Windham","Poales","Cyperaceae","Cyperus","Cyperus filiculmis",2,1987
"Windham","Poales","Cyperaceae","Eleocharis","Eleocharis interstincta",2,1919
"Windham","Poales","Cyperaceae","Eleocharis","Eleocharis robbinsii",2,1985
"Windham","Poales","Cyperaceae","Eleocharis","Eleocharis smallii",2,1987
"Windham","Poales","Cyperaceae","Eriophorum","Eriophorum spissum",2,1939
"Windham","Poales","Cyperaceae","Eriophorum","Eriophorum tenellum",2,1990
"Windham","Poales","Cyperaceae","Eriophorum","Eriophorum virginicum",2,1991
"Windham","Poales","Cyperaceae","Rhynchospora","Rhynchospora capitellata",2,1994
"Windham","Poales","Cyperaceae","Scirpus","Scirpus subterminalis",2,2001
"Windham","Poales","Juncaceae","Juncus","Juncus brevicaudatus",2,1960
"Windham","Poales","Poaceae","Alopecurus","Alopecurus pratensis",2,1957
"Windham","Poales","Poaceae","Bromus","Bromus ciliatus",2,1957
"Windham","Poales","Poaceae","Bromus","Bromus latiglumis",2,1957
"Windham","Poales","Poaceae","Dactylis","Dactylis glomerata",2,1959
"Windham","Poales","Poaceae","Dichanthelium","Dichanthelium dichotomum",2,1992
"Windham","Poales","Poaceae","Dichanthelium","Dichanthelium sabulorum",2,1990
"Windham","Poales","Poaceae","Elymus","Elymus canadensis",2,1928
"Windham","Poales","Poaceae","Eragrostis","Eragrostis megastachya",2,1957
"Windham","Poales","Poaceae","Eragrostis","Eragrostis spectabilis",2,1978
"Windham","Poales","Poaceae","Festuca","Festuca elatior",2,1957
"Windham","Poales","Poaceae","Glyceria","Glyceria canadensis",2,1974
"Windham","Poales","Poaceae","Leersia","Leersia oryzoides",2,1974
"Windham","Poales","Poaceae","Muhlenbergia","Muhlenbergia mexicana",2,1957
"Windham","Poales","Poaceae","Muhlenbergia","Muhlenbergia schreberi",2,1936
"Windham","Poales","Poaceae","Panicum","Panicum capillare",2,1957
"Windham","Poales","Poaceae","Panicum","Panicum spretum",2,1908
"Windham","Poales","Poaceae","Phalaris","Phalaris arundinacea",2,1992
"Windham","Poales","Poaceae","Poa","Poa compressa",2,2000
"Windham","Poales","Poaceae","Poa","Poa palustris",2,1957
"Windham","Poales","Poaceae","Poa","Poa pratensis",2,1957
"Windham","Poales","Poaceae","Sorghastrum","Sorghastrum nutans",2,1994
"Windham","Poales","Xyridaceae","Xyris","Xyris difformis",2,1985
"Windham","Polypodiales","Aspleniaceae","Asplenium","Asplenium rhizophyllum",2,1991
"Windham","Polypodiales","Dryopteridaceae","Dryopteris","Dryopteris intermedia",2,1991
"Windham","Ranunculales","Lardizabalaceae","Akebia","Akebia quinata",2,1991
"Windham","Ranunculales","Ranunculaceae","Anemone","Anemone americana",2,2013
"Windham","Ranunculales","Ranunculaceae","Anemone","Anemone virginiana",2,1952
"Windham","Ranunculales","Ranunculaceae","Anemonella","Anemonella thalictroides",2,1981
"Windham","Ranunculales","Ranunculaceae","Hepatica","Hepatica americana",2,1981
"Windham","Rosales","Rhamnaceae","Rhamnus","Rhamnus cathartica",2,1948
"Windham","Rosales","Rosaceae","Agrimonia","Agrimonia gryposepala",2,1983
"Windham","Rosales","Rosaceae","Amelanchier","Amelanchier amabilis",2,1936
"Windham","Rosales","Rosaceae","Amelanchier","Amelanchier oblongifolia",2,1920
"Windham","Rosales","Rosaceae","Aronia","Aronia floribunda",2,1975
"Windham","Rosales","Rosaceae","Aronia","Aronia prunifolia",2,1990
"Windham","Rosales","Rosaceae","Crataegus","Crataegus chrysocarpa",2,1965
"Windham","Rosales","Rosaceae","Geum","Geum canadense",2,2009
"Windham","Rosales","Rosaceae","Geum","Geum virginianum",2,1982
"Windham","Rosales","Rosaceae","Prunus","Prunus alleghaniensis",2,1936
"Windham","Rosales","Rosaceae","Prunus","Prunus americana",2,1983
"Windham","Rosales","Rosaceae","Rosa","Rosa palustris",2,1975
"Windham","Rosales","Rosaceae","Rubus","Rubus hispidus",2,1990
"Windham","Rosales","Rosaceae","Rubus","Rubus recurvicaulis",2,1934
"Windham","Rosales","Urticaceae","Urtica","Urtica gracilis",2,1973
"Windham","Sapindales","Anacardiaceae","Rhus","Rhus copallina",2,1991
"Windham","Sapindales","Anacardiaceae","Rhus","Rhus glabra",2,1957
"Windham","Sapindales","Anacardiaceae","Rhus","Rhus typhina",2,1997
"Windham","Saxifragales","Grossulariaceae","Ribes","Ribes hirtellum",2,1973
"Windham","Saxifragales","Haloragaceae","Myriophyllum","Myriophyllum farwellii",2,1974
"Windham","Saxifragales","Haloragaceae","Myriophyllum","Myriophyllum heterophyllum",2,1998
"Windham","Saxifragales","Saxifragaceae","Micranthes","Micranthes pensylvanica",2,2011
"Windham","Solanales","Convolvulaceae","Convolvulus","Convolvulus arvensis",2,1914
"Windham","Solanales","Convolvulaceae","Cuscuta","Cuscuta gronovii",2,1953
"Windham","Solanales","Solanaceae","Datura","Datura stramonium",2,2002
"Windham","","Alliaceae","Allium","Allium vineale",1,2001
"Windham","","Andreaeaceae","Andreaea","Andreaea rothii",1,2002
"Windham","","Buxbaumiaceae","Buxbaumia","Buxbaumia aphylla",1,1977
"Windham","","Dicranaceae","Dicranum","Dicranum fulvum",1,2002
"Windham","","Dicranaceae","Dicranum","Dicranum scoparium",1,2006
"Windham","","Frullaniaceae","Frullania","Frullania plana",1,2002
"Windham","","Grimmiaceae","Schistidium","Schistidium apocarpum",1,2002
"Windham","","Leucobryaceae","Leucobryum","Leucobryum glaucum",1,2002
"Windham","","Metzgeriaceae","Metzgeria","Metzgeria crassipilis",1,2002
"Windham","","Orthotrichaceae","Ulota","Ulota hutchinsiae",1,2002
"Windham","","Parnassiaceae","Parnassia","Parnassia caroliniana",1,1887
"Windham","","Polytrichaceae","Pogonatum","Pogonatum pensilvanicum",1,1939
"Windham","","Polytrichaceae","Polytrichum","Polytrichum commune",1,1960
"Windham","","Ruscaceae","Clintonia","Clintonia borealis",1,1994
"Windham","","Ruscaceae","Maianthemum","Maianthemum racemosum",1,2011
"Windham","","Ruscaceae","Polygonatum","Polygonatum biflorum",1,1993
"Windham","","Ruscaceae","Streptopus","Streptopus roseus",1,1998
"Windham","","Umbilicariaceae","Umbilicaria","Umbilicaria mammulata",1,2002
"Windham","Alismatales","Alismataceae","Alisma","Alisma subcordatum",1,1990
"Windham","Alismatales","Alismataceae","Alisma","Alisma triviale",1,1974
"Windham","Alismatales","Araceae","Pinellia","Pinellia ternata",1,1998
"Windham","Alismatales","Araceae","Potamogeton","Potamogeton gramineus",1,2005
"Windham","Alismatales","Potamogetonaceae","Potamogeton","Potamogeton americanus",1,1966
"Windham","Alismatales","Potamogetonaceae","Potamogeton","Potamogeton confervoides",1,1914
"Windham","Alismatales","Potamogetonaceae","Potamogeton","Potamogeton foliosus",1,1996
"Windham","Alismatales","Potamogetonaceae","Potamogeton","Potamogeton hybridus",1,1914
"Windham","Alismatales","Potamogetonaceae","Potamogeton","Potamogeton nodosus",1,2005
"Windham","Alismatales","Potamogetonaceae","Potamogeton","Potamogeton pectinatus",1,1974
"Windham","Alismatales","Potamogetonaceae","Potamogeton","Potamogeton perfoliatus",1,2005
"Windham","Alismatales","Potamogetonaceae","Potamogeton","Potamogeton vaseyi",1,2007
"Windham","Apiales","Apiaceae","Cryptotaenia","Cryptotaenia canadensis",1,1945
"Windham","Apiales","Apiaceae","Osmorhiza","Osmorhiza longistylis",1,2013
"Windham","Apiales","Araliaceae","Aralia","Aralia racemosa",1,1991
"Windham","Apiales","Araliaceae","Panax","Panax trifolium",1,1980
"Windham","Asparagales","Iridaceae","Sisyrinchium","Sisyrinchium fuscatum",1,2010
"Windham","Asparagales","Orchidaceae","Corallorhiza","Corallorhiza maculata",1,1977
"Windham","Asparagales","Orchidaceae","Corallorhiza","Corallorhiza odontorhiza",1,1937
"Windham","Asparagales","Orchidaceae","Peramium","Peramium ophioides",1,1938
"Windham","Asparagales","Orchidaceae","Platanthera","Platanthera clavellata",1,1992
"Windham","Asparagales","Orchidaceae","Platanthera","Platanthera lacera",1,1991
"Windham","Asparagales","Orchidaceae","Pogonia","Pogonia ophioglossoides",1,1990
"Windham","Asparagales","Orchidaceae","Spiranthes","Spiranthes gracilis",1,1946
"Windham","Asparagales","Orchidaceae","Spiranthes","Spiranthes tuberosa",1,1995
"Windham","Asterales","Asteraceae","Ageratina","Ageratina altissima",1,1942
"Windham","Asterales","Asteraceae","Antennaria","Antennaria dioica",1,NA
"Windham","Asterales","Asteraceae","Antennaria","Antennaria neodioica",1,1951
"Windham","Asterales","Asteraceae","Antennaria","Antennaria parlinii",1,1923
"Windham","Asterales","Asteraceae","Arctium","Arctium minus",1,1991
"Windham","Asterales","Asteraceae","Artemisia","Artemisia ludoviciana",1,1946
"Windham","Asterales","Asteraceae","Aster","Aster acuminatus",1,1978
"Windham","Asterales","Asteraceae","Aster","Aster johannensis",1,1986
"Windham","Asterales","Asteraceae","Aster","Aster novae-angliae",1,1973
"Windham","Asterales","Asteraceae","Aster","Aster racemosus",1,2000
"Windham","Asterales","Asteraceae","Aster","Aster solidagineus",1,1910
"Windham","Asterales","Asteraceae","Aster","Aster vimineus",1,1979
"Windham","Asterales","Asteraceae","Bidens","Bidens beckii",1,1984
"Windham","Asterales","Asteraceae","Bidens","Bidens cernua",1,1946
"Windham","Asterales","Asteraceae","Bidens","Bidens connata",1,1997
"Windham","Asterales","Asteraceae","Bidens","Bidens discoidea",1,1993
"Windham","Asterales","Asteraceae","Bidens","Bidens frondosa",1,1982
"Windham","Asterales","Asteraceae","Centaurea","Centaurea nigra",1,1914
"Windham","Asterales","Asteraceae","Chrysanthemum","Chrysanthemum leucanthemum",1,1964
"Windham","Asterales","Asteraceae","Cirsium","Cirsium muticum",1,1903
"Windham","Asterales","Asteraceae","Erigeron","Erigeron canadensis",1,1938
"Windham","Asterales","Asteraceae","Erigeron","Erigeron philadelphicus",1,2013
"Windham","Asterales","Asteraceae","Erigeron","Erigeron ramosus",1,1948
"Windham","Asterales","Asteraceae","Eupatorium","Eupatorium aromaticum",1,1991
"Windham","Asterales","Asteraceae","Eupatorium","Eupatorium pubescens",1,1914
"Windham","Asterales","Asteraceae","Eupatorium","Eupatorium sessilifolium",1,1934
"Windham","Asterales","Asteraceae","Euthamia","Euthamia tenuifolia",1,1960
"Windham","Asterales","Asteraceae","Gnaphalium","Gnaphalium uliginosum",1,1982
"Windham","Asterales","Asteraceae","Helenium","Helenium autumnale",1,1934
"Windham","Asterales","Asteraceae","Helianthus","Helianthus petiolaris",1,1909
"Windham","Asterales","Asteraceae","Heliopsis","Heliopsis helianthoides",1,1944
"Windham","Asterales","Asteraceae","Hieracium","Hieracium florentinum",1,1985
"Windham","Asterales","Asteraceae","Hieracium","Hieracium kalmii",1,1994
"Windham","Asterales","Asteraceae","Hieracium","Hieracium paniculatum",1,1977
"Windham","Asterales","Asteraceae","Hieracium","Hieracium piloselloides",1,1994
"Windham","Asterales","Asteraceae","Hieracium","Hieracium venosum",1,1991
"Windham","Asterales","Asteraceae","Iva","Iva xanthifolia",1,1946
"Windham","Asterales","Asteraceae","Lactuca","Lactuca leucophaea",1,1934
"Windham","Asterales","Asteraceae","Megalodonta","Megalodonta beckii",1,1974
"Windham","Asterales","Asteraceae","Oclemena","Oclemena nemoralis",1,1979
"Windham","Asterales","Asteraceae","Senecio","Senecio canus",1,1994
"Windham","Asterales","Asteraceae","Silphium","Silphium perfoliatum",1,1928
"Windham","Asterales","Asteraceae","Solidago","Solidago aspera",1,1908
"Windham","Asterales","Asteraceae","Solidago","Solidago canadensis",1,1990
"Windham","Asterales","Asteraceae","Solidago","Solidago flexicaulis",1,1946
"Windham","Asterales","Asteraceae","Solidago","Solidago neglecta",1,1945
"Windham","Asterales","Asteraceae","Solidago","Solidago speciosa",1,1945
"Windham","Asterales","Asteraceae","Symphyotrichum","Symphyotrichum novi-belgii",1,1996
"Windham","Asterales","Asteraceae","Tanacetum","Tanacetum vulgare",1,1982
"Windham","Asterales","Asteraceae","Taraxacum","Taraxacum erythrospermum",1,1936
"Windham","Asterales","Asteraceae","Tragopogon","Tragopogon pratensis",1,1990
"Windham","Asterales","Campanulaceae","Triodanis","Triodanis perfoliata",1,1983
"Windham","Boraginales","Boraginaceae","Borago","Borago officinalis",1,1939
"Windham","Boraginales","Boraginaceae","Hackelia","Hackelia virginiana",1,1968
"Windham","Brassicales","Brassicaceae","Arabis","Arabis canadensis",1,1968
"Windham","Brassicales","Brassicaceae","Arabis","Arabis laevigata",1,1928
"Windham","Brassicales","Brassicaceae","Draba","Draba verna",1,1992
"Windham","Brassicales","Brassicaceae","Hesperis","Hesperis matronalis",1,2000
"Windham","Brassicales","Brassicaceae","Lepidium","Lepidium perfoliatum",1,1974
"Windham","Brassicales","Brassicaceae","Nasturtium","Nasturtium nasturtium-aquaticum",1,2010
"Windham","Brassicales","Brassicaceae","Rorippa","Rorippa islandica",1,1974
"Windham","Brassicales","Brassicaceae","Rorippa","Rorippa islandica var. fernaldiana",1,1953
"Windham","Brassicales","Brassicaceae","Thlaspi","Thlaspi arvense",1,1980
"Windham","Caryophyllales","Amaranthaceae","Amaranthus","Amaranthus retroflexus",1,1946
"Windham","Caryophyllales","Amaranthaceae","Cycloloma","Cycloloma atriplicifolium",1,2002
"Windham","Caryophyllales","Amaranthaceae","Salsola","Salsola pestifer",1,1943
"Windham","Caryophyllales","Cactaceae","Opuntia","Opuntia vulgaris",1,1906
"Windham","Caryophyllales","Caryophyllaceae","Cerastium","Cerastium semidecandrum",1,2010
"Windham","Caryophyllales","Caryophyllaceae","Gypsophila","Gypsophila elegans",1,1945
"Windham","Caryophyllales","Caryophyllaceae","Gypsophila","Gypsophila muralis",1,1991
"Windham","Caryophyllales","Caryophyllaceae","Lychnis","Lychnis coronaria",1,1993
"Windham","Caryophyllales","Caryophyllaceae","Lychnis","Lychnis flos-cuculi",1,1953
"Windham","Caryophyllales","Caryophyllaceae","Silene","Silene antirrhina",1,1933
"Windham","Caryophyllales","Caryophyllaceae","Stellaria","Stellaria borealis var. isophylla",1,1920
"Windham","Caryophyllales","Droseraceae","Drosera","Drosera intermedia",1,1947
"Windham","Caryophyllales","Molluginaceae","Mollugo","Mollugo verticillata",1,1874
"Windham","Caryophyllales","Polygonaceae","Fallopia","Fallopia convolvulus",1,1993
"Windham","Caryophyllales","Polygonaceae","Fallopia","Fallopia dumetorum",1,1934
"Windham","Caryophyllales","Polygonaceae","Persicaria","Persicaria hydropiper",1,1974
"Windham","Caryophyllales","Polygonaceae","Persicaria","Persicaria longiseta",1,2009
"Windham","Caryophyllales","Polygonaceae","Polygonella","Polygonella articulata",1,1995
"Windham","Caryophyllales","Polygonaceae","Polygonum","Polygonum sagittatum",1,1950
"Windham","Caryophyllales","Polygonaceae","Polygonum","Polygonum tenue",1,1954
"Windham","Caryophyllales","Polygonaceae","Rumex","Rumex maritimus",1,1945
"Windham","Celastrales","Celastraceae","Celastrus","Celastrus scandens",1,1955
"Windham","Celastrales","Celastraceae","Euonymus","Euonymus europaeus",1,1983
"Windham","Cornales","Cornaceae","Cornus","Cornus alternifolia",1,1964
"Windham","Cornales","Cornaceae","Cornus","Cornus stolonifera",1,1976
"Windham","Cucurbitales","Cucurbitaceae","Echinocystis","Echinocystis lobata",1,1974
"Windham","Cucurbitales","Cucurbitaceae","Sicyos","Sicyos angulatus",1,1993
"Windham","Cupressales","Taxaceae","Taxus","Taxus canadensis",1,1984
"Windham","Dipsacales","Adoxaceae","Sambucus","Sambucus canadensis",1,1973
"Windham","Dipsacales","Adoxaceae","Viburnum","Viburnum acerifolium var. acerifolium",1,1953
"Windham","Dipsacales","Adoxaceae","Viburnum","Viburnum lantanoides",1,2006
"Windham","Dipsacales","Adoxaceae","Viburnum","Viburnum nudum",1,2011
"Windham","Dipsacales","Adoxaceae","Viburnum","Viburnum opulus",1,1919
"Windham","Dipsacales","Caprifoliaceae","Lonicera","Lonicera bella",1,1998
"Windham","Dipsacales","Caprifoliaceae","Lonicera","Lonicera japonica",1,1991
"Windham","Dipsacales","Caprifoliaceae","Lonicera","Lonicera maackii",1,2009
"Windham","Dipsacales","Caprifoliaceae","Triosteum","Triosteum aurantiacum",1,1906
"Windham","Equisetales","Equisetaceae","Equisetum","Equisetum sylvaticum",1,1992
"Windham","Ericales","Ericaceae","Chamaedaphne","Chamaedaphne calyculata var. angustifolia",1,1954
"Windham","Ericales","Ericaceae","Epigaea","Epigaea repens",1,1985
"Windham","Ericales","Ericaceae","Kalmia","Kalmia latifolia",1,1987
"Windham","Ericales","Ericaceae","Leucothoe","Leucothoe racemosa",1,2002
"Windham","Ericales","Ericaceae","Pieris","Pieris japonica",1,1977
"Windham","Ericales","Ericaceae","Rhododendron","Rhododendron nudiflorum",1,1952
"Windham","Ericales","Ericaceae","Rhododendron","Rhododendron periclymenoides",1,2011
"Windham","Ericales","Ericaceae","Rhododendron","Rhododendron roseum",1,1985
"Windham","Ericales","Ericaceae","Vaccinium","Vaccinium pensylvanicum",1,1920
"Windham","Ericales","Myrsinaceae","Lysimachia","Lysimachia nummularia",1,1953
"Windham","Ericales","Myrsinaceae","Lysimachia","Lysimachia producta",1,1932
"Windham","Ericales","Myrsinaceae","Trientalis","Trientalis borealis",1,1981
"Windham","Ericales","Polemoniaceae","Phlox","Phlox divaricata",1,1993
"Windham","Ericales","Polemoniaceae","Polemonium","Polemonium reptans",1,1945
"Windham","Ericales","Primulaceae","Hottonia","Hottonia inflata",1,1996
"Windham","Ericales","Primulaceae","Lysimachia","Lysimachia ciliata",1,1993
"Windham","Ericales","Primulaceae","Lysimachia","Lysimachia hybrida",1,1960
"Windham","Ericales","Primulaceae","Steironema","Steironema lanceolatum",1,1914
"Windham","Fabales","Fabaceae","Crotalaria","Crotalaria sagittalis",1,1983
"Windham","Fabales","Fabaceae","Desmodium","Desmodium bracteosum",1,1934
"Windham","Fabales","Fabaceae","Desmodium","Desmodium canescens",1,1994
"Windham","Fabales","Fabaceae","Desmodium","Desmodium dillenii",1,1934
"Windham","Fabales","Fabaceae","Desmodium","Desmodium glutinosum",1,1998
"Windham","Fabales","Fabaceae","Desmodium","Desmodium paniculatum",1,1934
"Windham","Fabales","Fabaceae","Desmodium","Desmodium rotundifolium",1,1991
"Windham","Fabales","Fabaceae","Lespedeza","Lespedeza hirta",1,1991
"Windham","Fabales","Fabaceae","Lespedeza","Lespedeza nuttallii",1,1991
"Windham","Fabales","Fabaceae","Lespedeza","Lespedeza procumbens",1,1946
"Windham","Fabales","Fabaceae","Lespedeza","Lespedeza virginica",1,1991
"Windham","Fabales","Fabaceae","Lotus","Lotus corniculatus",1,1990
"Windham","Fabales","Fabaceae","Robinia","Robinia pseudoacacia",1,1998
"Windham","Fabales","Fabaceae","Securigera","Securigera varia",1,1933
"Windham","Fabales","Fabaceae","Tephrosia","Tephrosia virginiana",1,1944
"Windham","Fabales","Fabaceae","Thermopsis","Thermopsis mollis",1,1966
"Windham","Fabales","Fabaceae","Trifolium","Trifolium repens",1,1990
"Windham","Fabales","Fabaceae","Vicia","Vicia cracca",1,1990
"Windham","Fagales","Betulaceae","Alnus","Alnus incana",1,1998
"Windham","Fagales","Betulaceae","Betula","Betula papyrifera",1,1999
"Windham","Fagales","Fagaceae","Castanea","Castanea mollissima",1,1991
"Windham","Fagales","Fagaceae","Fagus","Fagus grandifolia",1,1991
"Windham","Fagales","Fagaceae","Quercus","Quercus bicolor",1,1998
"Windham","Fagales","Fagaceae","Quercus","Quercus montana",1,1987
"Windham","Fagales","Juglandaceae","Carya","Carya ovalis",1,2011
"Windham","Fagales","Juglandaceae","Juglans","Juglans cinerea",1,1977
"Windham","Fagales","Juglandaceae","Juglans","Juglans nigra",1,1991
"Windham","Fagales","Myricaceae","Myrica","Myrica aspleniifolia",1,1948
"Windham","Fagales","Myricaceae","Myrica","Myrica pensylvanica",1,2002
"Windham","Gentianales","Apocynaceae","Asclepias","Asclepias quadrifolia",1,1906
"Windham","Gentianales","Gentianaceae","Bartonia","Bartonia virginica",1,1988
"Windham","Gentianales","Gentianaceae","Gentiana","Gentiana andrewsii",1,1945
"Windham","Gentianales","Gentianaceae","Gentianella","Gentianella crinita",1,1992
"Windham","Gentianales","Gentianaceae","Gentianopsis","Gentianopsis crinata",1,1973
"Windham","Gentianales","Gentianaceae","Gentianopsis","Gentianopsis crinita",1,1979
"Windham","Gentianales","Rubiaceae","Galium","Galium claytonii",1,1948
"Windham","Gentianales","Rubiaceae","Galium","Galium pilosum",1,1957
"Windham","Gentianales","Rubiaceae","Mitchella","Mitchella repens",1,1990
"Windham","Geraniales","Geraniaceae","Geranium","Geranium carolinianum",1,1939
"Windham","Isoetales","Isoetaceae","Isoetes","Isoetes acadiensis",1,2005
"Windham","Isoetales","Isoetaceae","Isoetes","Isoetes muricata",1,1974
"Windham","Lamiales","Acanthaceae","Gerardia","Gerardia flava",1,1973
"Windham","Lamiales","Bignoniaceae","Campsis","Campsis radicans",1,1993
"Windham","Lamiales","Bignoniaceae","Catalpa","Catalpa ovata",1,1978
"Windham","Lamiales","Bignoniaceae","Catalpa","Catalpa speciosa",1,1993
"Windham","Lamiales","Lamiaceae","Collinsonia","Collinsonia canadensis",1,1976
"Windham","Lamiales","Lamiaceae","Leonurus","Leonurus cardiaca",1,1885
"Windham","Lamiales","Lamiaceae","Nepeta","Nepeta cataria",1,1953
"Windham","Lamiales","Lamiaceae","Origanum","Origanum vulgare",1,1991
"Windham","Lamiales","Lamiaceae","Pycnanthemum","Pycnanthemum clinopodioides",1,1934
"Windham","Lamiales","Lamiaceae","Pycnanthemum","Pycnanthemum incanum",1,1991
"Windham","Lamiales","Lamiaceae","Pycnanthemum","Pycnanthemum virginianum",1,1983
"Windham","Lamiales","Lamiaceae","Scutellaria","Scutellaria laterifolia",1,1976
"Windham","Lamiales","Linderniaceae","Lindernia","Lindernia anagallidea",1,1990
"Windham","Lamiales","Oleaceae","Fraxinus","Fraxinus pennsylvanica",1,1987
"Windham","Lamiales","Orobanchaceae","Agalinis","Agalinis acuta",1,1990
"Windham","Lamiales","Orobanchaceae","Aureolaria","Aureolaria flava",1,1991
"Windham","Lamiales","Orobanchaceae","Aureolaria","Aureolaria pedicularia",1,1996
"Windham","Lamiales","Plantaginaceae","Callitriche","Callitriche hermaphroditica",1,1974
"Windham","Lamiales","Plantaginaceae","Callitriche","Callitriche palustris",1,1974
"Windham","Lamiales","Plantaginaceae","Gratiola","Gratiola neglecta",1,1974
"Windham","Lamiales","Plantaginaceae","Gratiola","Gratiola virginiana",1,1910
"Windham","Lamiales","Plantaginaceae","Penstemon","Penstemon calycosus",1,1985
"Windham","Lamiales","Plantaginaceae","Penstemon","Penstemon laevigatus",1,1930
"Windham","Lamiales","Scrophulariaceae","Verbascum","Verbascum thapsus",1,1953
"Windham","Lamiales","Scrophulariaceae","Veronica","Veronica agrestis",1,1977
"Windham","Lamiales","Scrophulariaceae","Veronica","Veronica arvensis",1,2010
"Windham","Lamiales","Scrophulariaceae","Veronica","Veronica peregrina ssp. xalapensis",1,1925
"Windham","Lamiales","Verbenaceae","Verbena","Verbena bracteata",1,1946
"Windham","Lamiales","Verbenaceae","Verbena","Verbena bracteosa",1,1946
"Windham","Lamiales","Verbenaceae","Verbena","Verbena stricta",1,1898
"Windham","Laurales","Calycanthaceae","Chimonanthus","Chimonanthus praecox",1,1972
"Windham","Liliales","Liliaceae","Lilium","Lilium lancifolium",1,2013
"Windham","Liliales","Liliaceae","Lilium","Lilium superbum",1,1983
"Windham","Liliales","Liliaceae","Streptopus","Streptopus lanceolatus",1,1961
"Windham","Liliales","Liliaceae","Streptopus","Streptopus roseus",1,1998
"Windham","Liliales","Smilacaceae","Smilax","Smilax glauca",1,1983
"Windham","Liliales","Smilacaceae","Smilax","Smilax herbacea",1,1991
"Windham","Liliales","Smilacaceae","Smilax","Smilax rotundifolia",1,1957
"Windham","Lycopodiales","Lycopodiaceae","Diphasiastrum","Diphasiastrum complanatum",1,1975
"Windham","Lycopodiales","Lycopodiaceae","Diphasiastrum","Diphasiastrum habereri",1,1995
"Windham","Lycopodiales","Lycopodiaceae","Lycopodium","Lycopodium annotinum",1,1993
"Windham","Lycopodiales","Lycopodiaceae","Lycopodium","Lycopodium complanatum",1,1973
"Windham","Lycopodiales","Lycopodiaceae","Lycopodium","Lycopodium inundatum",1,1973
"Windham","Lycopodiales","Lycopodiaceae","Spinulum","Spinulum annotinum",1,1997
"Windham","Magnoliales","Magnoliaceae","Liriodendron","Liriodendron tulipifera",1,1930
"Windham","Malpighiales","Euphorbiaceae","Acalypha","Acalypha gracilens",1,1988
"Windham","Malpighiales","Euphorbiaceae","Chamaesyce","Chamaesyce vermiculata",1,1987
"Windham","Malpighiales","Euphorbiaceae","Euphorbia","Euphorbia cyparissias",1,1952
"Windham","Malpighiales","Euphorbiaceae","Euphorbia","Euphorbia esula",1,1998
"Windham","Malpighiales","Hypericaceae","Hypericum","Hypericum adpressum",1,1974
"Windham","Malpighiales","Hypericaceae","Hypericum","Hypericum canadense",1,1990
"Windham","Malpighiales","Hypericaceae","Hypericum","Hypericum denticulatum",1,1974
"Windham","Malpighiales","Hypericaceae","Hypericum","Hypericum majus",1,2000
"Windham","Malpighiales","Hypericaceae","Hypericum","Hypericum prolificum",1,1908
"Windham","Malpighiales","Salicaceae","Populus","Populus tremuloides",1,1973
"Windham","Malpighiales","Salicaceae","Salix","Salix babylonica",1,1991
"Windham","Malpighiales","Salicaceae","Salix","Salix cordata",1,1928
"Windham","Malpighiales","Salicaceae","Salix","Salix occidentalis",1,1996
"Windham","Malpighiales","Salicaceae","Salix","Salix rigida",1,1983
"Windham","Malpighiales","Salicaceae","Salix","Salix tristis",1,1936
"Windham","Malpighiales","Violaceae","Viola","Viola adunca",1,1992
"Windham","Malpighiales","Violaceae","Viola","Viola canadensis",1,1945
"Windham","Malpighiales","Violaceae","Viola","Viola labradorica",1,2014
"Windham","Malpighiales","Violaceae","Viola","Viola pensylvanica",1,1980
"Windham","Malpighiales","Violaceae","Viola","Viola primulifolia",1,1929
"Windham","Malpighiales","Violaceae","Viola","Viola triloba",1,1952
"Windham","Malvales","Cistaceae","Lechea","Lechea mucronata",1,1991
"Windham","Malvales","Thymelaeaceae","Dirca","Dirca palustris",1,1968
"Windham","Myrtales","Melastomataceae","Rhexia","Rhexia virginica",1,1976
"Windham","Myrtales","Onagraceae","Epilobium","Epilobium ciliatum",1,1991
"Windham","Myrtales","Onagraceae","Epilobium","Epilobium coloratum",1,1946
"Windham","Myrtales","Onagraceae","Epilobium","Epilobium glandulosum",1,1953
"Windham","Nymphaeales","Nymphaeaceae","Nuphar","Nuphar microphylla",1,1960
"Windham","Ophioglossales","Ophioglossaceae","Botrychium","Botrychium ascendens",1,1997
"Windham","Ophioglossales","Ophioglossaceae","Botrychium","Botrychium matricariifolium",1,1998
"Windham","Ophioglossales","Ophioglossaceae","Botrychium","Botrychium obliquum",1,1916
"Windham","Oxalidales","Oxalidaceae","Oxalis","Oxalis dillenii",1,1989
"Windham","Oxalidales","Oxalidaceae","Oxalis","Oxalis filipes",1,1948
"Windham","Oxalidales","Oxalidaceae","Oxalis","Oxalis grandis",1,1997
"Windham","Oxalidales","Oxalidaceae","Oxalis","Oxalis violacea",1,2001
"Windham","Pinales","Pinaceae","Abies","Abies balsamea",1,2006
"Windham","Pinales","Pinaceae","Larix","Larix laricina",1,1977
"Windham","Pinales","Pinaceae","Picea","Picea glauca",1,1991
"Windham","Pinales","Pinaceae","Pinus","Pinus strobus",1,1973
"Windham","Pinales","Pinaceae","Pinus","Pinus sylvestris",1,1983
"Windham","Piperales","Aristolochiaceae","Asarum","Asarum canadense",1,1981
"Windham","Poales","Cyperaceae","Carex","Carex albicans",1,1994
"Windham","Poales","Cyperaceae","Carex","Carex albursina",1,1984
"Windham","Poales","Cyperaceae","Carex","Carex appalachica",1,1990
"Windham","Poales","Cyperaceae","Carex","Carex argyrantha",1,2011
"Windham","Poales","Cyperaceae","Carex","Carex artitecta",1,1984
"Windham","Poales","Cyperaceae","Carex","Carex atlantica",1,1992
"Windham","Poales","Cyperaceae","Carex","Carex blanda",1,1984
"Windham","Poales","Cyperaceae","Carex","Carex brevior",1,1990
"Windham","Poales","Cyperaceae","Carex","Carex brunnescens",1,1990
"Windham","Poales","Cyperaceae","Carex","Carex cephalantha",1,1951
"Windham","Poales","Cyperaceae","Carex","Carex cephalophora",1,1991
"Windham","Poales","Cyperaceae","Carex","Carex communis",1,1984
"Windham","Poales","Cyperaceae","Carex","Carex convoluta",1,1987
"Windham","Poales","Cyperaceae","Carex","Carex emmonsii",1,1984
"Windham","Poales","Cyperaceae","Carex","Carex festucacea",1,1996
"Windham","Poales","Cyperaceae","Carex","Carex interior",1,1990
"Windham","Poales","Cyperaceae","Carex","Carex lacustris",1,1987
"Windham","Poales","Cyperaceae","Carex","Carex lanuginosa",1,1901
"Windham","Poales","Cyperaceae","Carex","Carex lasiocarpa var. americana",1,1987
"Windham","Poales","Cyperaceae","Carex","Carex leptalea",1,1992
"Windham","Poales","Cyperaceae","Carex","Carex leptonervia",1,1994
"Windham","Poales","Cyperaceae","Carex","Carex muehlenbergii",1,1997
"Windham","Poales","Cyperaceae","Carex","Carex pedunculata",1,1997
"Windham","Poales","Cyperaceae","Carex","Carex prasina",1,1996
"Windham","Poales","Cyperaceae","Carex","Carex pseudocyperus",1,1935
"Windham","Poales","Cyperaceae","Carex","Carex retroflexa",1,1935
"Windham","Poales","Cyperaceae","Carex","Carex scabrata",1,1993
"Windham","Poales","Cyperaceae","Carex","Carex scirpoides",1,1908
"Windham","Poales","Cyperaceae","Carex","Carex seorsa",1,1935
"Windham","Poales","Cyperaceae","Carex","Carex sterilis",1,1908
"Windham","Poales","Cyperaceae","Carex","Carex styloflexa",1,1990
"Windham","Poales","Cyperaceae","Carex","Carex tenera",1,1935
"Windham","Poales","Cyperaceae","Carex","Carex tribuloides",1,1998
"Windham","Poales","Cyperaceae","Carex","Carex utriculata",1,1992
"Windham","Poales","Cyperaceae","Carex","Carex vesicaria",1,1902
"Windham","Poales","Cyperaceae","Carex","Carex vulpinoidea",1,1939
"Windham","Poales","Cyperaceae","Cyperus","Cyperus diandrus",1,1974
"Windham","Poales","Cyperaceae","Cyperus","Cyperus strigosus",1,1976
"Windham","Poales","Cyperaceae","Eleocharis","Eleocharis equisetoides",1,1979
"Windham","Poales","Cyperaceae","Eleocharis","Eleocharis ovata",1,1998
"Windham","Poales","Cyperaceae","Eleocharis","Eleocharis tenuis",1,1939
"Windham","Poales","Cyperaceae","Eleocharis","Eleocharis tricostata",1,1974
"Windham","Poales","Cyperaceae","Fimbristylis","Fimbristylis autumnalis",1,2000
"Windham","Poales","Cyperaceae","Rhynchospora","Rhynchospora macrostachya",1,1919
"Windham","Poales","Cyperaceae","Schoenoplectus","Schoenoplectus purshianus",1,1960
"Windham","Poales","Cyperaceae","Schoenoplectus","Schoenoplectus smithii",1,1974
"Windham","Poales","Cyperaceae","Scirpus","Scirpus expansus",1,1996
"Windham","Poales","Cyperaceae","Scirpus","Scirpus georgianus",1,1939
"Windham","Poales","Cyperaceae","Scirpus","Scirpus purshianus",1,1998
"Windham","Poales","Cyperaceae","Trichophorum","Trichophorum planifolium",1,1997
"Windham","Poales","Juncaceae","Juncus","Juncus acuminatus",1,1960
"Windham","Poales","Juncaceae","Juncus","Juncus bufonius",1,1974
"Windham","Poales","Juncaceae","Juncus","Juncus macer",1,1939
"Windham","Poales","Juncaceae","Juncus","Juncus marginatus",1,1992
"Windham","Poales","Juncaceae","Juncus","Juncus tenuis",1,1929
"Windham","Poales","Juncaceae","Luzula","Luzula campestris",1,1939
"Windham","Poales","Juncaceae","Luzula","Luzula multiflora",1,1984
"Windham","Poales","Poaceae","Agrostis","Agrostis gigantea",1,1994
"Windham","Poales","Poaceae","Agrostis","Agrostis scabra",1,1939
"Windham","Poales","Poaceae","Andropogon","Andropogon scoparius var. septentrionalis",1,1957
"Windham","Poales","Poaceae","Anthoxanthum","Anthoxanthum odoratum",1,1957
"Windham","Poales","Poaceae","Aristida","Aristida oligantha",1,1993
"Windham","Poales","Poaceae","Arrhenatherum","Arrhenatherum elatius",1,1957
"Windham","Poales","Poaceae","Asperella","Asperella hystrix",1,1926
"Windham","Poales","Poaceae","Bromus","Bromus kalmii",1,1929
"Windham","Poales","Poaceae","Bromus","Bromus purgans",1,1940
"Windham","Poales","Poaceae","Bromus","Bromus tectorum",1,1950
"Windham","Poales","Poaceae","Danthonia","Danthonia compressa",1,1992
"Windham","Poales","Poaceae","Deschampsia","Deschampsia flexuosa",1,2007
"Windham","Poales","Poaceae","Dichanthelium","Dichanthelium latifolium",1,1993
"Windham","Poales","Poaceae","Dichanthelium","Dichanthelium linearifolium",1,1985
"Windham","Poales","Poaceae","Digitaria","Digitaria ischaemum",1,1999
"Windham","Poales","Poaceae","Echinochloa","Echinochloa muricata",1,1960
"Windham","Poales","Poaceae","Eleusine","Eleusine indica",1,2010
"Windham","Poales","Poaceae","Eragrostis","Eragrostis capillaris",1,1957
"Windham","Poales","Poaceae","Eragrostis","Eragrostis pilosa",1,1944
"Windham","Poales","Poaceae","Glyceria","Glyceria acutiflora",1,1999
"Windham","Poales","Poaceae","Glyceria","Glyceria grandis",1,1957
"Windham","Poales","Poaceae","Glyceria","Glyceria melicaria",1,1996
"Windham","Poales","Poaceae","Glyceria","Glyceria nervata",1,1939
"Windham","Poales","Poaceae","Glyceria","Glyceria pallida",1,1902
"Windham","Poales","Poaceae","Glyceria","Glyceria septentrionalis",1,1908
"Windham","Poales","Poaceae","Holcus","Holcus lanatus",1,1939
"Windham","Poales","Poaceae","Lolium","Lolium multiflorum",1,1974
"Windham","Poales","Poaceae","Miscanthus","Miscanthus sacchariflorus",1,2005
"Windham","Poales","Poaceae","Miscanthus","Miscanthus sinensis",1,2000
"Windham","Poales","Poaceae","Molinia","Molinia caerulea",1,1917
"Windham","Poales","Poaceae","Muhlenbergia","Muhlenbergia sobolifera",1,1934
"Windham","Poales","Poaceae","Muhlenbergia","Muhlenbergia sylvatica",1,1937
"Windham","Poales","Poaceae","Muhlenbergia","Muhlenbergia tenuiflora",1,1992
"Windham","Poales","Poaceae","Muhlenbergia","Muhlenbergia uniflora",1,1960
"Windham","Poales","Poaceae","Oryzopsis","Oryzopsis asperifolia",1,1996
"Windham","Poales","Poaceae","Panicum","Panicum boreale",1,1992
"Windham","Poales","Poaceae","Panicum","Panicum boscii",1,1957
"Windham","Poales","Poaceae","Panicum","Panicum dichotomum",1,1998
"Windham","Poales","Poaceae","Panicum","Panicum latifolium",1,1998
"Windham","Poales","Poaceae","Panicum","Panicum linearifolium",1,1933
"Windham","Poales","Poaceae","Panicum","Panicum oligosanthes",1,1957
"Windham","Poales","Poaceae","Panicum","Panicum rigidulum",1,1994
"Windham","Poales","Poaceae","Panicum","Panicum tuckermanii",1,1930
"Windham","Poales","Poaceae","Paspalum","Paspalum muehlenbergii",1,1916
"Windham","Poales","Poaceae","Phragmites","Phragmites australis",1,2001
"Windham","Poales","Poaceae","Poa","Poa alsodes",1,1984
"Windham","Poales","Poaceae","Poa","Poa annua",1,1939
"Windham","Poales","Poaceae","Poa","Poa languida",1,1999
"Windham","Poales","Poaceae","Setaria","Setaria italica",1,1983
"Windham","Poales","Poaceae","Sporobolus","Sporobolus cryptandrus",1,1996
"Windham","Poales","Poaceae","Sporobolus","Sporobolus vaginiflorus",1,2001
"Windham","Poales","Poaceae","Zea","Zea mays",1,1973
"Windham","Poales","Typhaceae","Typha","Typha latifolia",1,1990
"Windham","Poales","Xyridaceae","Xyris","Xyris torta",1,1960
"Windham","Polypodiales","Dryopteridaceae","Cystopteris","Cystopteris fragilis",1,1992
"Windham","Polypodiales","Dryopteridaceae","Dryopteris","Dryopteris boottii",1,1998
"Windham","Polypodiales","Dryopteridaceae","Dryopteris","Dryopteris campyloptera",1,1998
"Windham","Polypodiales","Dryopteridaceae","Dryopteris","Dryopteris clintoniana",1,1983
"Windham","Polypodiales","Dryopteridaceae","Dryopteris","Dryopteris thelypteris",1,1976
"Windham","Polypodiales","Thelypteridaceae","Thelypteris","Thelypteris simulata",1,1990
"Windham","Polypodiales","Woodsiaceae","Matteuccia","Matteuccia struthiopteris",1,1987
"Windham","Ranunculales","Papaveraceae","Corydalis","Corydalis sempervirens",1,1926
"Windham","Ranunculales","Papaveraceae","Fumaria","Fumaria officinalis",1,1937
"Windham","Ranunculales","Ranunculaceae","Actaea","Actaea alba",1,1979
"Windham","Ranunculales","Ranunculaceae","Ranunculus","Ranunculus hispidus",1,1961
"Windham","Ranunculales","Ranunculaceae","Ranunculus","Ranunculus septentrionalis",1,1978
"Windham","Ranunculales","Ranunculaceae","Thalictrum","Thalictrum polygamum",1,1957
"Windham","Ranunculales","Ranunculaceae","Thalictrum","Thalictrum thalictroides",1,2010
"Windham","Rosales","Cannabaceae","Humulus","Humulus japonicus",1,1997
"Windham","Rosales","Rosaceae","Agrimonia","Agrimonia mollis",1,1944
"Windham","Rosales","Rosaceae","Amelanchier","Amelanchier intermedia",1,1936
"Windham","Rosales","Rosaceae","Amelanchier","Amelanchier laevis  oblongifolia",1,1916
"Windham","Rosales","Rosaceae","Amelanchier","Amelanchier stolonifera",1,1918
"Windham","Rosales","Rosaceae","Aronia","Aronia melanocarpa",1,1983
"Windham","Rosales","Rosaceae","Crataegus","Crataegus crus-galli",1,1977
"Windham","Rosales","Rosaceae","Geum","Geum flavum",1,1932
"Windham","Rosales","Rosaceae","Geum","Geum laciniatum",1,1993
"Windham","Rosales","Rosaceae","Malus","Malus malus",1,1977
"Windham","Rosales","Rosaceae","Photinia","Photinia arbutifolia",1,1983
"Windham","Rosales","Rosaceae","Potentilla","Potentilla argentea",1,1916
"Windham","Rosales","Rosaceae","Potentilla","Potentilla pumila",1,1920
"Windham","Rosales","Rosaceae","Prunus","Prunus avium",1,1980
"Windham","Rosales","Rosaceae","Prunus","Prunus maritima",1,1934
"Windham","Rosales","Rosaceae","Pyrus","Pyrus arbutifolia",1,1957
"Windham","Rosales","Rosaceae","Pyrus","Pyrus floribunda",1,1975
"Windham","Rosales","Rosaceae","Rosa","Rosa humilis",1,1901
"Windham","Rosales","Rosaceae","Rosa","Rosa virginiana",1,1990
"Windham","Rosales","Rosaceae","Rubus","Rubus ascendens",1,1934
"Windham","Rosales","Rosaceae","Rubus","Rubus nigricans",1,1914
"Windham","Rosales","Rosaceae","Rubus","Rubus occidentalis",1,1993
"Windham","Rosales","Rosaceae","Rubus","Rubus phoenicolasius",1,1973
"Windham","Rosales","Rosaceae","Rubus","Rubus pubescens",1,2014
"Windham","Rosales","Urticaceae","Laportea","Laportea canadensis",1,1928
"Windham","Rosales","Urticaceae","Urtica","Urtica dioica",1,1973
"Windham","Rosales","Urticaceae","Urtica","Urtica lyallii",1,1946
"Windham","Sapindales","Aceraceae","Acer","Acer circinatum",1,1911
"Windham","Sapindales","Aceraceae","Acer","Acer negundo",1,1977
"Windham","Sapindales","Aceraceae","Acer","Acer saccharinum",1,2011
"Windham","Sapindales","Aceraceae","Acer","Acer saccharum",1,2009
"Windham","Sapindales","Anacardiaceae","Rhus","Rhus aromatica",1,1998
"Windham","Sapindales","Simaroubaceae","Ailanthus","Ailanthus altissima",1,1998
"Windham","Saxifragales","Grossulariaceae","Ribes","Ribes sativum",1,1980
"Windham","Saxifragales","Haloragaceae","Proserpinaca","Proserpinaca intermedia",1,1976
"Windham","Saxifragales","Saxifragaceae","Micranthes","Micranthes virginiensis",1,1994
"Windham","Saxifragales","Saxifragaceae","Saxifraga","Saxifraga pensylvanica",1,1978
"Windham","Selaginellales","Selaginellaceae","Selaginella","Selaginella apoda",1,1945
"Windham","Selaginellales","Selaginellaceae","Selaginella","Selaginella rupestris",1,1995
"Windham","Solanales","Convolvulaceae","Convolvulus","Convolvulus sepium",1,1948
"Windham","Solanales","Convolvulaceae","Cuscuta","Cuscuta compacta",1,1985
"Windham","Solanales","Solanaceae","Physalis","Physalis alkekengi",1,1993
"Windham","Solanales","Solanaceae","Physalis","Physalis virginiana",1,1991
"Windham","Solanales","Solanaceae","Solanum","Solanum nigrum",1,1997
"Windham","Solanales","Solanaceae","Solanum","Solanum sarrachoides",1,1991
"Windham","Vitales","Vitaceae","Parthenocissus","Parthenocissus quinquefolia",1,1976
"Windham","Vitales","Vitaceae","Vitis","Vitis aestivalis",1,1930
